rotacion_semanal,cobertura_dias,plazo_proveedor_dias,surtido_local,en_promocion,indice_estacional,distancia_bodega_km,quiebres_previos_12s,quiebre_stock
9.9,12.4,13,53,0,1.282,42.7,1,1
5.6,5.0,2,97,1,1.026,45.2,1,0
33.2,6.1,6,56,0,0.888,25.2,0,0
28.5,3.8,14,112,0,1.248,57.7,4,1
34.3,3.5,7,60,0,1.144,69.7,1,0
15.3,12.2,2,91,0,1.089,26.7,0,0
19.6,2.4,2,94,1,0.911,4.2,3,0
19.7,10.2,12,83,0,0.723,50.6,0,0
16.2,23.0,12,88,0,1.045,23.9,1,1
11.1,7.6,14,16,0,1.153,56.4,2,1
13.1,8.8,11,50,0,0.919,2.6,0,0
42.3,16.2,27,53,0,1.07,33.7,0,0
22.4,21.5,12,93,0,1.208,28.7,2,0
34.3,13.7,9,110,0,0.854,24.2,3,0
65.3,15.5,5,79,0,0.92,79.4,0,0
23.8,13.4,13,60,0,1.277,17.3,1,0
9.6,13.9,3,71,0,0.984,8.7,0,0
28.6,28.5,14,80,0,1.228,9.4,0,0
34.9,15.3,7,67,0,1.267,31.3,0,0
46.2,11.9,6,47,0,0.758,18.2,1,0
41.4,12.3,2,31,1,1.172,12.8,1,0
29.8,44.4,5,36,0,0.935,36.3,2,1
27.5,23.5,19,31,0,1.286,29.3,1,0
28.5,10.2,3,76,0,0.826,14.4,1,0
17.7,3.2,3,48,0,1.319,7.4,0,0
47.5,25.7,4,91,0,0.782,27.4,0,0
24.8,15.8,4,5,0,1.285,38.1,0,0
25.6,40.5,10,43,0,0.891,1.9,3,0
10.4,39.7,7,64,0,0.742,35.4,0,1
15.2,11.8,13,76,0,0.857,35.5,1,0
38.3,8.0,5,73,0,0.871,6.7,0,1
14.6,11.6,5,103,0,0.975,12.6,0,0
26.9,10.5,32,121,0,0.961,6.3,0,1
27.0,12.8,8,86,1,0.91,23.8,0,0
30.1,26.4,20,74,0,1.339,50.1,1,0
9.8,10.2,1,88,1,1.211,19.3,1,0
23.4,11.6,8,67,0,0.889,9.9,1,0
18.6,7.3,6,111,0,0.914,22.7,1,0
39.2,15.7,3,69,1,1.261,20.0,0,0
6.8,4.1,13,63,0,0.703,15.9,0,1
14.1,4.8,4,87,0,1.22,29.8,0,0
14.8,11.8,16,47,0,1.056,28.0,0,1
17.4,13.7,6,122,0,1.308,33.4,0,0
13.9,17.6,9,19,0,1.378,27.5,3,1
61.6,15.2,6,35,0,0.75,53.5,0,0
22.1,21.9,9,107,0,0.96,27.6,0,0
32.9,28.5,11,125,0,0.943,35.7,1,0
59.5,18.9,22,138,0,1.291,28.8,1,1
29.5,24.5,12,52,1,1.171,8.6,1,0
28.1,37.3,4,67,1,1.312,38.4,0,1
32.2,36.4,10,81,0,0.918,29.1,1,0
35.1,6.5,9,85,0,0.798,23.6,2,0
18.8,21.2,6,107,0,1.176,31.0,3,0
7.1,9.3,5,85,1,0.877,18.7,1,0
18.3,16.7,23,158,0,1.287,29.5,1,1
40.7,6.2,11,108,0,1.217,101.3,2,0
70.5,5.3,2,111,0,0.99,36.2,0,0
43.5,23.3,3,41,1,0.83,17.4,1,1
29.2,8.6,19,101,0,0.936,28.7,1,1
37.2,17.2,13,109,0,1.091,24.0,2,0
29.1,16.0,5,103,0,1.028,37.0,0,0
8.4,12.5,7,13,0,1.113,79.7,0,1
12.0,18.8,6,45,0,1.36,65.7,0,1
47.7,28.1,11,45,0,1.353,33.9,2,0
23.2,16.2,15,65,1,1.1,29.7,1,1
24.4,9.0,2,61,0,0.895,15.7,1,0
18.1,12.3,6,176,0,0.792,21.0,2,0
24.3,14.5,10,54,0,0.736,62.0,0,0
33.5,18.8,12,73,1,0.821,3.1,0,0
32.1,15.0,10,93,0,1.053,36.0,2,1
28.5,14.8,2,75,0,0.757,18.5,1,0
24.6,9.1,4,137,0,0.758,54.3,1,0
19.1,14.2,5,89,0,1.138,36.6,0,0
15.2,6.6,14,63,0,0.831,17.6,2,1
34.0,20.4,7,62,0,0.983,7.9,2,0
16.3,14.8,8,104,0,0.889,16.5,2,1
42.7,25.0,15,117,1,1.017,19.8,0,0
24.3,14.7,10,92,0,1.272,67.5,1,1
34.4,11.8,4,54,0,1.282,20.8,0,0
34.0,25.1,12,52,0,0.706,4.2,3,1
29.1,19.2,24,93,0,0.885,25.3,0,0
31.8,12.4,3,127,0,1.136,14.3,1,0
11.2,7.1,18,99,0,1.046,11.7,1,1
50.7,5.3,6,61,0,1.375,25.5,1,0
66.4,8.6,6,66,0,0.959,29.0,3,0
22.6,3.3,6,5,1,1.134,23.1,3,0
24.0,7.1,12,111,1,0.999,29.9,3,1
31.1,27.5,8,32,0,1.084,35.7,2,0
23.3,16.1,4,110,0,0.783,24.5,1,0
26.1,17.4,29,76,1,1.046,17.9,1,0
22.0,8.8,10,143,0,0.943,1.6,1,1
14.0,10.6,8,108,0,0.845,20.5,1,0
27.1,16.4,11,85,0,1.001,18.4,1,0
16.3,9.3,3,73,1,1.22,22.5,2,0
27.2,8.7,10,51,0,1.399,13.0,1,1
12.5,7.7,8,75,0,1.299,6.1,2,0
9.0,21.9,3,68,0,1.381,12.2,0,1
44.5,19.8,4,22,1,0.906,34.4,2,1
53.4,33.1,7,116,1,1.187,14.7,2,1
12.4,5.3,9,62,1,1.254,15.1,3,1
9.4,8.8,12,62,0,0.87,24.7,1,1
46.3,19.1,2,11,0,1.142,18.3,1,1
55.4,39.5,7,58,0,0.801,11.0,0,1
99.3,22.9,7,97,0,1.363,32.4,1,0
16.2,4.4,5,46,1,1.363,9.8,1,0
13.3,33.2,5,38,0,0.809,8.4,1,1
18.2,24.1,15,63,0,1.185,4.3,2,0
4.2,46.3,3,75,1,1.383,27.4,0,1
65.7,13.3,7,106,0,0.751,22.1,1,0
3.2,19.8,18,114,0,1.252,58.7,0,0
29.7,29.3,4,69,0,1.053,39.9,2,0
37.5,11.2,9,26,0,0.936,8.3,2,1
42.3,20.6,11,51,0,0.947,26.1,0,0
25.8,37.2,12,105,0,0.953,26.9,2,0
35.8,4.5,2,32,0,0.832,23.7,0,0
14.7,20.5,4,93,0,0.72,67.6,1,0
14.2,26.6,3,150,0,1.085,3.5,2,1
5.3,10.7,14,103,1,1.049,11.2,0,1
17.4,9.2,7,83,0,1.196,8.9,1,0
13.8,5.3,13,116,1,0.98,27.7,0,1
16.4,8.2,26,85,0,1.318,10.5,0,1
23.0,4.1,5,57,0,1.213,11.8,1,0
46.5,5.8,18,78,0,1.15,7.3,1,1
32.3,9.7,6,34,0,1.036,16.1,6,1
12.3,5.4,3,27,0,0.807,13.7,5,0
16.0,12.8,5,66,0,0.736,40.9,1,0
19.7,12.5,17,46,0,1.194,10.8,1,1
20.4,4.4,17,46,0,0.77,11.1,0,1
64.1,13.5,9,34,0,0.776,16.2,0,1
33.5,17.2,10,61,0,0.91,12.5,1,0
13.9,24.6,7,46,1,1.343,15.0,0,0
11.3,28.4,22,71,0,1.181,28.9,0,0
40.4,24.1,7,47,0,1.192,14.5,2,0
60.5,16.7,13,46,0,1.233,32.4,4,0
39.2,15.1,5,63,0,1.253,12.1,3,0
31.2,18.9,8,14,0,1.397,51.7,0,0
17.4,10.5,1,40,0,0.759,74.3,2,1
38.8,13.0,6,112,0,0.775,34.3,0,0
50.2,8.2,10,93,0,1.379,35.0,0,1
12.8,9.9,11,70,0,1.029,59.8,0,0
7.9,10.5,13,19,0,1.33,4.1,1,1
23.9,3.7,9,34,0,1.079,26.9,1,1
25.9,21.4,10,61,0,1.186,31.8,1,1
72.9,12.4,8,83,1,1.074,10.7,0,0
29.7,19.7,15,49,0,1.356,11.3,1,0
21.2,9.0,9,89,0,0.779,4.3,0,0
48.9,10.8,14,65,0,0.76,62.6,1,1
24.8,12.6,3,100,0,1.318,20.5,1,0
8.2,12.8,10,84,0,0.824,3.6,1,1
37.3,8.9,7,100,0,1.333,17.0,1,0
50.1,19.4,2,70,0,0.702,24.1,1,0
10.4,3.7,2,52,0,1.375,9.9,1,0
22.4,19.0,3,99,1,0.799,1.9,1,1
16.8,3.3,7,75,0,0.816,11.7,1,0
20.0,21.8,5,76,0,0.847,23.1,0,1
24.6,2.9,12,86,0,1.262,27.5,0,1
11.9,9.8,15,110,0,0.957,29.5,1,1
27.6,14.4,9,84,0,1.013,15.8,1,1
26.6,10.8,17,106,0,0.943,47.0,1,1
37.8,2.7,5,5,1,0.967,67.9,2,0
26.3,5.1,10,87,0,0.983,21.7,0,0
33.0,16.9,5,118,0,1.236,19.2,0,0
13.7,10.8,10,106,1,1.097,3.8,2,0
64.8,18.5,13,36,0,1.252,46.5,1,0
44.7,14.5,14,48,0,1.1,38.6,1,1
21.5,9.7,8,129,0,0.738,8.4,1,0
19.4,7.2,4,152,1,1.306,10.0,1,0
29.3,28.3,7,87,0,0.848,50.2,2,1
12.9,14.3,9,190,0,0.885,37.9,0,1
27.0,11.7,5,63,0,0.989,17.5,2,0
16.1,30.6,14,113,0,1.271,37.9,1,0
9.4,22.0,4,40,0,0.903,34.3,3,1
18.6,32.9,14,87,1,0.722,12.8,1,0
31.7,21.0,6,29,0,1.277,20.0,3,1
24.0,19.2,4,92,1,1.077,33.6,2,0
30.4,15.4,3,50,0,0.818,22.8,2,0
28.9,17.2,10,38,0,1.292,11.9,2,0
21.5,4.6,4,121,1,1.318,29.4,0,0
16.5,5.9,7,90,0,1.035,51.4,2,0
39.7,5.0,6,43,0,1.294,47.8,1,0
21.7,15.0,7,48,1,0.964,28.5,4,0
19.9,15.0,3,18,0,1.322,55.9,0,0
10.1,16.9,21,49,0,0.922,51.2,1,0
21.8,18.8,10,47,0,1.368,15.7,1,0
4.2,19.7,5,84,0,1.221,1.4,0,0
45.8,15.9,4,77,0,1.254,16.4,1,0
28.3,16.8,12,38,1,1.377,24.0,0,0
45.1,9.7,13,36,0,1.204,37.1,0,1
28.8,5.0,3,131,0,0.829,3.6,1,0
20.4,10.1,4,100,0,1.318,33.7,2,0
44.3,28.3,24,102,0,1.102,44.8,0,0
15.1,5.7,5,69,0,1.318,21.2,1,0
33.8,9.4,7,30,0,0.882,10.2,0,0
32.9,20.1,5,83,0,0.825,27.5,0,0
19.8,4.9,8,49,0,0.712,74.7,0,0
27.6,23.4,3,163,0,1.091,22.3,1,1
19.6,2.2,16,44,0,0.757,16.0,1,1
19.5,10.9,7,118,0,1.13,6.4,2,0
15.8,17.0,2,61,0,1.001,22.4,0,0
20.6,25.5,7,70,1,1.371,48.8,0,1
21.6,10.9,12,119,0,0.824,29.6,1,1
20.2,20.6,4,33,1,1.015,32.0,1,1
30.7,14.7,11,113,1,1.376,5.1,1,0
23.9,19.0,16,54,0,1.286,18.4,1,0
19.0,14.5,4,93,0,0.893,31.5,2,0
18.3,15.4,5,103,1,1.36,24.4,2,1
34.8,25.4,5,97,0,1.273,53.1,3,0
29.0,11.7,21,28,1,0.735,21.0,1,1
4.9,16.9,11,54,0,0.778,37.8,0,0
30.0,4.1,6,76,0,1.254,38.2,2,0
26.1,17.6,11,36,0,1.313,12.0,1,0
27.3,4.9,9,83,0,1.33,25.1,0,0
48.1,5.7,3,106,0,1.178,13.9,5,0
27.7,20.3,16,53,0,1.114,26.3,2,0
10.7,18.0,14,101,0,1.129,39.9,1,0
38.1,6.6,10,70,0,0.959,82.6,1,0
20.7,7.9,4,79,1,1.385,33.4,1,0
17.3,6.4,19,93,0,1.208,46.1,3,1
53.3,28.8,12,111,0,0.875,31.6,1,0
54.7,22.4,18,37,1,1.284,20.0,1,0
6.2,6.5,7,102,0,0.893,4.8,3,0
22.5,14.9,36,100,0,1.359,23.5,1,1
11.0,10.5,8,76,0,1.158,67.8,0,0
49.6,6.9,8,35,0,0.932,29.9,2,0
53.4,9.7,27,88,0,1.037,12.5,0,1
78.1,13.1,28,85,1,1.0,51.8,3,1
36.9,4.9,14,64,1,1.251,24.9,3,1
31.0,8.6,7,96,1,0.984,11.2,1,0
27.9,25.3,13,47,0,1.246,25.2,1,0
11.9,22.5,7,92,0,1.066,11.1,1,0
19.9,15.3,4,72,0,1.353,14.7,1,0
21.8,12.8,8,97,0,1.16,29.2,1,0
23.0,9.9,16,25,0,0.98,46.3,4,0
17.2,19.4,9,5,0,1.024,55.7,1,0
58.7,5.5,2,26,0,1.178,42.2,4,0
6.1,13.1,11,72,0,1.267,41.9,0,0
21.3,2.4,1,138,1,0.91,73.3,0,0
24.1,9.0,12,83,1,0.832,2.4,1,0
31.6,14.8,5,120,0,0.886,31.4,1,0
4.3,32.5,15,97,0,0.988,8.5,1,0
39.5,15.7,10,5,1,0.771,106.1,3,1
36.4,18.6,19,74,0,1.393,49.0,0,0
45.8,27.0,5,49,1,0.938,11.0,1,1
12.7,11.1,7,39,0,1.391,27.5,2,0
28.6,6.1,2,72,0,1.228,17.1,0,0
6.1,8.6,10,83,0,0.795,8.9,3,1
11.9,16.9,8,11,0,0.848,23.6,0,0
8.6,9.8,1,41,0,1.028,85.0,0,0
20.9,20.2,9,50,0,1.195,26.0,1,0
20.3,15.2,3,65,0,1.129,50.1,1,0
20.5,6.7,7,95,0,1.123,44.2,1,0
27.2,10.6,23,46,1,1.195,22.0,0,1
10.8,24.7,10,86,0,0.957,27.8,4,0
6.0,13.4,7,139,0,1.135,24.3,0,0
3.1,25.7,3,71,0,1.354,7.6,2,1
13.9,6.0,6,82,1,0.706,7.6,0,0
21.5,63.3,8,62,0,1.194,17.5,3,1
16.6,13.1,6,45,0,0.916,4.9,0,0
24.0,22.3,5,52,1,1.324,16.6,0,1
58.6,30.7,17,96,0,1.33,80.7,0,0
21.3,25.5,7,33,1,0.709,39.4,2,1
28.3,12.0,8,47,0,1.381,29.3,3,1
25.0,20.4,16,49,0,0.706,25.1,1,0
42.1,27.8,5,86,0,1.027,28.8,1,0
21.6,21.2,10,59,0,0.813,25.3,1,1
9.2,6.7,10,58,1,1.101,71.3,1,0
12.0,19.6,10,59,0,1.027,40.2,1,1
42.5,14.5,10,77,0,0.967,40.1,3,0
17.1,10.2,9,114,0,1.332,47.2,2,0
12.7,27.3,29,118,0,1.037,52.4,2,0
23.4,5.0,14,30,0,0.821,9.2,0,0
40.7,21.5,2,74,0,1.163,10.5,0,0
19.9,12.5,7,97,0,1.038,53.0,1,0
27.1,24.6,5,133,0,0.85,15.7,0,0
72.3,10.2,9,32,0,0.855,15.4,1,1
43.3,20.9,14,76,1,1.252,30.0,0,0
27.3,8.1,9,103,0,1.352,66.1,1,0
22.0,14.3,3,50,0,1.065,45.0,0,0
49.3,13.4,14,52,0,1.177,50.8,1,1
86.6,19.7,4,55,0,0.788,11.2,0,0
53.2,13.9,12,83,1,1.016,12.7,0,0
27.0,13.6,2,60,0,1.021,13.9,0,0
14.2,8.7,23,86,0,0.807,12.8,2,1
12.5,25.7,8,50,1,0.719,58.0,0,0
40.2,25.8,5,111,1,1.171,36.8,1,1
14.2,31.4,3,86,0,0.958,6.8,1,1
18.1,13.9,10,9,1,0.967,55.0,3,1
24.1,7.5,10,91,0,1.367,26.1,1,0
12.6,9.9,1,19,0,0.82,42.1,3,0
13.4,23.5,9,51,0,1.26,41.1,0,0
10.2,22.0,7,67,0,1.329,37.2,4,0
32.4,3.3,10,53,0,1.218,35.1,0,0
30.2,3.4,23,94,0,0.939,58.7,2,1
35.7,5.4,19,139,1,0.957,59.1,1,1
51.1,10.0,8,5,0,0.796,14.0,1,0
13.6,10.2,3,50,0,0.732,63.6,0,0
8.7,14.0,4,76,0,0.896,9.2,6,0
20.3,9.0,11,65,0,0.929,18.0,0,0
27.2,10.2,2,5,1,0.826,25.4,0,0
3.2,14.5,6,112,0,1.252,6.2,1,0
45.6,15.6,6,75,1,1.088,39.7,1,0
22.2,10.9,4,96,1,0.811,26.5,1,0
47.3,5.7,6,89,0,0.739,7.1,1,0
23.5,24.5,3,60,0,1.384,30.5,1,0
3.8,9.3,13,26,0,1.136,4.1,0,0
25.5,25.8,13,73,0,0.705,11.2,0,0
23.5,27.7,24,24,0,0.888,12.4,1,0
6.6,19.7,11,106,0,1.162,14.4,3,0
76.2,25.7,2,110,0,1.306,33.0,2,1
49.9,14.9,14,84,0,1.335,46.2,1,0
42.6,14.4,12,64,0,1.146,43.1,1,1
71.7,19.6,20,106,0,0.73,8.4,2,0
11.7,14.2,7,113,0,0.764,9.2,1,0
28.8,8.7,9,91,0,0.818,25.8,0,0
30.6,15.3,12,115,0,0.929,42.8,3,0
53.0,12.2,8,116,0,1.302,28.4,3,0
11.1,28.1,16,122,1,1.322,41.3,0,0
23.4,9.9,7,115,1,0.951,11.5,1,0
41.4,1.8,9,5,0,0.916,10.3,0,1
54.4,26.7,5,87,0,1.034,43.7,1,0
15.4,4.5,3,75,0,0.9,29.2,1,0
33.4,5.1,8,98,0,1.355,27.2,1,0
27.6,10.4,2,19,0,0.99,13.8,2,0
17.8,6.2,9,30,1,1.317,33.8,1,0
11.5,11.0,1,132,0,0.715,27.7,1,0
48.0,10.7,13,92,0,0.878,27.2,1,0
50.2,31.3,8,81,0,1.134,14.5,2,0
40.9,11.7,6,52,0,1.261,6.5,1,0
16.8,32.9,6,36,0,0.949,23.6,1,1
24.4,3.3,14,46,0,0.967,63.5,1,1
39.3,21.5,11,46,0,1.211,36.6,1,1
16.7,10.2,6,94,0,0.835,51.8,0,0
8.2,22.5,24,81,1,0.73,58.4,0,0
39.2,24.6,29,40,0,0.799,22.7,1,0
11.9,17.7,17,102,0,1.211,25.6,0,0
36.2,30.6,11,5,1,1.202,8.6,0,1
7.1,13.2,7,5,0,0.796,4.9,4,0
29.0,26.1,2,96,1,0.817,23.6,3,0
77.7,10.8,5,128,0,1.322,25.3,0,0
50.9,10.7,3,5,0,1.235,21.3,0,0
29.9,24.6,9,53,0,1.006,36.5,1,0
45.5,6.4,9,131,1,1.081,54.3,0,0
16.7,16.0,6,16,0,1.338,21.9,0,0
29.0,17.3,14,102,0,0.869,36.8,1,0
4.5,24.7,4,59,0,0.884,11.5,1,1
40.6,10.0,4,103,0,1.15,69.9,2,0
38.9,22.4,5,111,0,0.977,13.2,0,0
43.5,8.0,2,83,0,0.927,28.9,1,0
33.0,19.7,8,41,0,1.233,9.4,2,0
60.4,11.5,1,37,0,0.704,8.9,3,0
37.6,10.2,16,53,0,1.005,25.6,1,1
19.2,21.7,3,13,0,0.903,25.5,1,0
37.5,5.0,5,95,0,1.362,8.9,1,0
35.6,16.1,21,5,0,1.052,38.6,2,0
17.8,4.4,1,121,0,1.255,10.9,0,0
33.7,11.9,4,43,1,1.232,37.4,0,0
13.4,7.1,12,61,0,1.291,35.3,0,0
15.6,11.3,9,50,0,0.782,20.0,3,0
18.0,9.0,5,128,1,1.351,24.7,0,0
36.2,10.4,13,88,0,1.002,6.2,1,0
7.7,6.8,7,106,0,0.833,25.6,0,0
87.4,9.1,2,52,0,1.02,67.0,0,0
73.5,3.8,20,94,0,1.258,34.6,1,1
19.4,23.8,2,96,0,1.1,13.1,0,1
25.0,6.9,9,72,1,1.135,18.2,2,0
33.1,19.1,4,78,0,0.905,57.7,2,0
16.0,15.2,7,80,0,1.301,11.1,0,0
22.3,1.0,7,79,0,1.107,13.8,1,0
37.5,23.3,3,97,0,1.058,57.1,1,1
30.4,17.1,17,41,0,1.266,25.7,1,0
8.8,16.5,16,5,1,1.057,21.3,1,0
45.7,12.0,9,46,0,0.945,9.1,0,1
71.6,23.5,10,47,1,1.376,35.5,0,0
41.2,11.2,13,78,0,0.88,12.6,1,1
18.2,17.5,4,73,0,0.858,32.4,1,0
18.2,17.0,12,50,0,1.18,7.5,1,1
18.9,14.7,9,6,0,0.98,25.1,1,1
36.8,5.6,4,49,0,0.799,66.4,2,0
33.9,16.2,32,82,0,0.822,29.3,3,1
37.0,10.0,1,112,0,1.082,31.8,0,0
35.0,28.2,6,46,0,1.299,8.1,1,0
93.2,22.9,4,67,1,1.398,23.1,1,0
41.4,22.5,5,60,0,1.252,63.9,1,0
7.3,11.2,15,33,0,0.839,29.8,2,1
6.0,36.8,13,98,0,1.175,27.7,1,0
7.7,12.8,8,83,0,0.839,13.2,4,0
27.3,9.0,8,158,0,0.811,16.8,0,0
21.2,13.2,8,30,0,0.818,36.4,1,0
13.8,9.3,9,64,0,0.812,18.8,0,0
4.1,16.6,2,72,0,0.745,28.5,2,0
50.2,12.5,13,42,1,0.972,58.0,3,1
21.3,37.9,18,109,0,0.911,15.9,1,0
59.8,4.5,4,57,0,1.342,21.0,1,0
25.9,23.1,16,46,1,1.302,25.2,1,0
17.3,34.8,3,100,1,0.862,14.7,1,1
15.4,8.3,16,36,0,1.059,12.0,1,1
13.1,19.6,6,79,0,1.067,14.2,1,0
31.4,10.4,9,40,0,0.98,46.5,0,0
14.5,11.0,2,58,0,1.002,46.5,3,0
27.1,32.3,4,69,0,0.757,48.7,0,1
66.8,9.9,14,90,0,1.126,18.1,0,0
7.9,17.6,3,70,0,1.056,23.9,1,0
15.7,30.3,4,51,1,1.04,34.5,4,1
17.2,27.4,10,83,0,1.349,42.7,1,0
29.4,17.8,16,39,0,1.297,51.7,0,0
24.3,18.0,1,106,1,0.968,31.9,0,0
24.8,4.7,1,167,0,1.062,13.2,0,0
52.5,20.5,4,72,0,0.968,8.0,0,0
17.9,9.4,19,88,0,1.091,27.2,1,1
11.3,12.6,6,29,0,1.326,47.0,0,0
21.7,25.0,2,67,0,1.09,120.4,0,1
36.5,12.7,16,93,0,1.361,30.9,3,1
13.6,26.7,12,84,0,1.288,5.2,0,0
4.5,7.1,6,46,0,0.91,13.4,1,0
94.9,5.2,9,53,0,1.045,33.9,1,1
18.9,6.3,15,60,0,1.004,40.3,3,1
27.7,2.2,4,60,0,0.771,31.4,0,0
28.3,3.7,17,43,0,0.901,24.0,1,1
23.2,25.2,5,109,0,1.016,14.5,0,0
10.4,41.1,1,101,1,1.285,44.1,0,1
16.7,23.9,10,27,0,1.345,63.0,1,0
34.4,11.2,24,140,0,0.98,23.9,0,1
13.4,9.7,14,98,1,0.747,51.1,0,1
55.3,24.9,7,51,1,1.321,85.0,4,0
18.0,4.7,7,62,0,1.122,2.0,1,0
28.4,10.2,3,65,0,1.307,5.0,1,0
61.3,44.6,6,30,0,0.766,14.5,0,1
8.7,38.9,8,11,1,1.272,16.3,2,0
16.4,8.6,9,49,1,0.715,23.3,1,0
19.9,12.5,11,102,0,1.317,15.5,2,0
20.9,6.8,9,14,0,1.375,45.6,1,0
7.8,14.2,12,65,0,1.152,15.6,0,1
30.2,16.2,11,58,0,1.071,18.0,1,0
31.3,14.6,28,52,0,1.125,7.7,1,0
30.2,27.0,5,58,0,1.234,7.4,0,1
41.4,6.5,5,94,1,1.261,15.2,8,0
7.1,15.6,3,40,0,0.889,28.0,3,0
25.5,10.6,10,56,0,0.875,20.4,0,1
22.1,15.4,10,86,0,0.98,21.8,4,0
10.1,4.1,6,40,0,1.022,15.9,0,0
15.1,9.2,16,95,0,0.906,17.0,1,1
14.9,4.5,7,113,0,0.959,15.4,0,0
11.1,15.4,12,51,0,1.396,84.9,3,0
29.6,9.3,11,109,0,1.119,14.3,0,1
16.9,3.6,4,44,0,1.049,2.0,2,0
36.8,13.4,3,17,0,1.039,14.4,1,0
42.0,14.0,7,126,0,1.013,7.7,1,0
48.4,10.1,4,71,0,0.704,12.5,3,0
7.1,18.9,4,77,1,0.794,21.0,2,0
3.4,21.3,18,50,1,1.196,34.7,2,0
12.2,28.4,4,37,0,1.295,25.1,2,1
23.7,29.6,9,69,0,1.042,6.5,3,0
17.3,22.7,11,142,1,1.355,41.0,1,0
35.2,21.0,5,56,1,0.799,22.6,1,0
20.9,19.1,10,106,1,0.703,15.7,0,0
35.5,7.3,3,141,0,1.087,37.4,3,0
11.4,19.8,11,65,0,0.83,27.3,0,0
27.5,5.8,6,73,0,0.887,22.7,0,0
11.1,22.7,1,60,0,1.028,49.7,0,1
17.5,25.6,8,51,0,0.837,30.0,1,1
17.9,8.2,4,52,1,0.778,16.3,0,0
12.6,12.6,9,5,0,0.729,48.8,0,1
40.8,14.1,8,54,0,1.034,25.0,2,0
10.9,17.5,7,44,0,1.34,38.0,0,0
6.6,21.4,17,72,0,1.203,9.4,0,0
9.9,26.6,4,153,0,1.117,58.1,3,1
27.0,15.3,19,85,1,0.766,45.6,0,0
22.4,9.3,7,79,0,1.129,23.2,4,0
12.9,14.7,4,56,0,1.138,8.7,2,0
13.6,9.5,8,91,0,0.752,32.1,0,0
27.2,9.3,11,71,0,1.195,16.6,1,0
52.8,12.4,7,42,0,1.061,26.6,0,0
3.5,6.7,18,85,0,1.395,120.3,0,1
30.2,18.5,13,37,1,0.8,6.9,1,0
97.1,20.8,6,58,0,0.78,22.1,0,0
32.8,41.8,7,64,0,1.169,27.9,2,1
16.8,12.0,6,61,0,1.127,67.6,1,0
28.9,6.8,6,125,0,0.89,35.3,2,0
47.7,26.6,1,103,0,1.097,118.2,1,1
30.7,15.4,20,30,0,1.389,10.8,1,1
94.7,1.4,7,38,0,0.82,11.9,2,0
69.5,10.9,4,78,0,1.129,40.2,2,0
15.7,11.8,10,119,0,0.777,12.1,0,1
10.9,9.6,15,58,0,1.254,44.6,2,1
57.0,24.4,5,25,0,1.061,107.3,0,1
40.4,8.6,2,78,0,0.807,9.3,0,0
35.8,36.6,5,59,0,0.912,53.5,1,1
15.0,19.4,5,139,0,1.263,17.2,2,0
8.8,13.5,16,42,1,0.999,0.9,1,1
33.3,3.1,5,36,0,1.367,18.9,1,0
18.1,15.3,3,55,1,1.053,15.5,0,0
29.5,18.3,12,36,0,1.071,38.0,1,0
45.4,8.0,10,83,0,0.821,35.6,2,0
21.6,10.1,7,61,0,1.32,14.0,0,0
32.7,19.7,9,104,0,1.225,28.6,3,0
30.5,17.2,6,157,0,0.782,30.5,0,1
40.2,9.8,1,60,0,0.816,64.2,2,0
17.0,12.8,15,24,0,1.066,16.1,3,1
13.4,6.1,15,54,0,1.245,40.0,0,1
24.5,9.7,9,44,1,1.219,38.2,1,0
10.0,11.8,11,93,0,0.753,41.8,0,0
35.1,10.0,2,89,1,1.183,21.2,1,0
86.2,6.4,10,89,0,1.38,44.5,2,1
16.4,33.4,7,67,0,1.123,66.3,1,0
29.2,5.5,8,59,0,1.087,11.6,1,0
51.8,14.9,2,102,1,1.14,28.0,0,0
16.4,28.4,8,108,0,1.082,7.0,1,0
14.0,8.5,23,133,0,0.856,38.3,0,1
5.3,2.5,15,107,0,1.091,22.7,3,1
53.0,14.0,6,77,0,1.213,29.0,0,0
15.7,9.4,4,40,0,1.112,14.2,1,0
29.3,9.5,6,104,1,1.033,30.6,1,0
31.7,20.4,8,71,0,1.181,84.6,4,0
23.8,20.2,3,80,0,1.302,28.5,0,0
11.7,11.4,14,71,0,0.703,37.5,0,1
54.8,9.9,2,5,0,1.318,31.9,0,0
9.3,15.0,11,100,0,1.066,117.2,2,0
42.4,8.4,4,47,0,0.981,11.8,0,0
12.3,11.6,2,81,0,1.194,27.0,0,0
26.6,13.0,10,85,0,1.395,69.1,1,0
46.4,33.3,15,56,0,0.905,16.9,1,0
11.8,8.6,3,101,1,1.258,25.5,0,0
27.0,11.3,8,138,0,1.332,6.7,0,1
66.5,21.1,10,62,0,0.843,11.4,1,1
19.4,21.5,5,58,0,1.311,45.2,1,1
25.3,11.2,11,69,0,1.351,21.3,1,1
5.2,2.2,33,89,1,1.121,8.9,1,1
11.3,23.4,11,48,0,0.838,10.0,0,0
8.8,24.1,12,52,1,0.764,36.4,1,1
18.0,15.4,6,68,0,1.122,26.5,1,0
35.0,3.9,11,46,0,0.839,30.9,2,1
35.0,9.9,3,49,0,0.836,12.7,0,0
17.6,7.4,12,88,0,1.05,34.1,0,1
27.8,8.5,32,45,0,0.97,25.5,1,1
47.6,12.3,7,79,0,0.887,39.3,1,1
24.9,33.1,4,36,0,1.198,32.1,0,1
10.1,9.5,14,75,0,1.008,16.0,1,1
14.6,25.5,3,43,0,1.068,5.4,2,1
97.6,23.4,4,67,0,0.798,9.1,1,1
21.6,5.4,6,117,0,1.32,30.7,0,0
27.0,3.6,12,44,0,0.735,26.1,1,1
7.0,9.8,4,39,0,1.265,21.0,0,0
10.4,18.7,6,79,0,0.799,25.2,0,0
30.9,23.4,3,59,0,1.168,3.8,0,1
7.0,25.9,9,169,0,0.73,4.7,4,1
27.4,14.3,1,18,0,0.712,39.5,2,0
35.4,24.2,10,70,1,0.833,77.6,3,0
19.9,5.2,12,158,0,1.117,52.1,0,1
37.5,6.1,6,80,0,0.721,56.0,0,0
35.9,12.0,3,80,0,0.903,65.2,0,0
23.3,16.7,13,18,1,1.355,45.6,0,0
15.1,10.8,8,58,1,1.1,7.2,0,0
9.6,9.9,4,73,0,0.968,20.5,2,0
16.5,12.4,6,5,0,0.738,33.2,1,1
19.9,14.0,6,102,0,0.733,20.4,1,0
21.2,33.4,3,35,0,1.096,19.0,1,1
40.1,5.3,3,112,0,1.398,10.2,0,0
18.6,8.8,12,5,0,0.795,4.6,1,1
19.6,9.9,11,91,0,0.862,9.0,1,0
45.1,28.7,6,102,0,1.375,61.1,1,0
35.2,33.6,11,32,0,1.374,57.5,1,0
27.5,28.7,5,98,1,1.07,4.6,0,1
29.4,10.6,8,64,0,1.095,1.5,0,1
27.0,10.0,12,32,0,1.133,43.0,3,1
44.3,15.5,3,34,1,0.784,12.4,1,0
5.3,35.5,7,66,0,0.936,6.5,0,0
25.2,17.8,6,75,0,0.705,36.1,3,0
29.5,15.7,9,93,0,0.902,12.0,2,1
37.1,11.9,3,66,0,1.022,63.6,1,0
18.6,16.7,6,93,0,0.729,52.3,0,0
6.2,3.5,16,77,0,0.926,5.9,0,1
13.8,21.2,17,71,0,0.884,19.9,0,0
23.4,13.7,10,26,1,1.32,38.5,0,1
26.7,22.1,19,36,0,0.76,24.8,0,0
24.3,15.0,8,73,0,0.912,17.9,0,1
6.2,31.7,3,90,0,1.308,17.4,0,1
51.0,7.5,10,112,0,1.064,20.9,0,0
14.8,5.4,2,90,0,0.885,37.1,2,0
10.7,8.7,2,95,0,1.19,8.2,3,0
12.4,9.1,22,103,0,1.021,11.4,0,1
11.6,22.9,8,63,0,0.712,3.6,0,0
45.6,21.6,8,103,0,1.082,10.4,1,1
26.0,33.3,8,94,0,0.745,14.1,2,0
21.6,6.2,2,96,0,0.781,36.6,2,0
7.3,16.0,4,78,0,1.207,16.7,1,0
38.2,20.1,10,88,0,1.2,19.9,3,0
53.4,3.5,3,77,1,0.973,33.1,0,0
54.6,7.1,3,18,0,0.859,54.4,0,0
26.2,13.5,13,119,0,0.72,8.4,0,0
52.4,4.4,4,105,0,1.215,10.7,0,0
61.6,25.1,1,77,0,1.188,8.1,0,1
8.9,30.6,2,97,0,1.234,6.4,1,1
21.6,30.3,2,53,0,0.776,40.0,0,1
37.7,11.8,5,47,0,0.736,36.1,0,0
23.5,2.4,5,57,0,0.842,31.3,0,0
24.4,6.4,3,65,0,1.258,23.8,0,0
34.2,10.0,2,72,0,0.81,8.6,0,0
5.3,5.8,30,25,1,1.122,60.6,3,1
15.8,20.6,3,5,0,1.149,62.9,1,1
47.2,3.0,9,27,0,1.246,67.4,0,0
37.3,8.8,13,43,1,0.703,87.4,2,1
53.7,8.3,4,113,0,1.142,17.9,2,0
33.4,30.6,5,5,0,1.347,32.4,1,1
11.1,8.8,13,93,1,1.019,33.2,0,0
20.9,13.7,3,35,0,1.222,10.5,2,0
16.4,13.6,4,57,0,0.973,46.1,1,0
15.1,13.9,7,77,0,0.791,6.8,1,0
17.5,22.1,9,72,0,0.942,10.7,2,0
28.0,12.1,12,93,0,1.187,24.2,1,1
18.8,20.7,9,5,0,0.765,9.3,2,1
16.1,8.2,7,139,0,1.003,44.5,1,0
47.2,14.5,14,101,0,0.742,110.7,0,1
19.8,8.4,2,47,0,1.312,19.3,3,0
48.6,9.0,5,95,0,1.33,10.3,3,0
15.8,10.2,6,114,0,0.998,10.7,2,0
36.9,22.5,7,180,0,0.96,8.8,2,1
42.5,3.6,26,100,0,1.266,35.6,3,1
20.8,4.1,8,64,1,1.313,15.7,1,0
25.2,12.6,16,62,0,1.142,13.0,0,0
39.3,23.6,7,31,0,1.322,1.3,0,0
29.0,16.6,4,110,0,1.057,13.5,1,0
52.8,32.5,14,87,0,0.802,29.4,0,0
24.2,12.9,11,91,0,1.397,21.9,0,0
7.3,2.5,9,82,0,1.327,6.9,1,1
22.0,19.2,12,5,0,1.27,25.5,1,0
27.7,39.7,5,37,0,1.329,29.4,4,1
7.6,10.6,13,5,1,0.702,17.4,2,1
6.5,20.8,4,85,0,1.396,72.8,0,0
24.2,17.3,6,46,0,1.005,8.8,1,0
16.0,14.7,2,67,1,0.721,6.5,1,0
28.7,13.3,11,62,0,1.153,33.5,0,0
12.3,15.2,11,134,0,0.77,43.1,0,1
16.9,43.2,13,51,1,0.901,9.5,1,0
9.6,3.4,3,55,0,0.928,13.3,1,0
7.7,13.2,10,37,1,1.322,13.7,1,1
15.0,4.8,22,35,0,1.176,37.9,4,1
15.4,18.2,15,57,1,1.374,24.0,0,1
12.9,7.1,8,53,0,0.716,46.5,0,1
13.4,9.6,1,79,1,1.289,19.1,1,0
24.2,5.3,17,14,0,0.821,29.2,1,1
13.1,21.6,9,29,0,0.923,41.0,1,0
10.5,19.2,14,80,0,1.299,77.7,0,0
14.4,11.3,5,26,0,0.738,12.5,2,0
13.2,13.9,3,66,1,1.394,1.6,2,1
25.2,1.8,19,78,0,1.151,27.4,4,1
13.9,16.2,11,63,0,1.033,34.9,1,0
30.1,11.9,7,60,0,1.383,25.4,1,0
26.7,6.9,8,75,0,1.129,31.8,1,1
38.6,28.5,13,40,0,0.866,6.5,0,0
5.9,10.2,1,134,0,1.156,34.3,0,0
63.7,2.2,8,45,0,0.757,72.9,0,0
16.1,35.6,9,103,0,1.332,44.2,1,1
49.5,11.9,4,95,1,1.153,4.8,1,0
17.9,9.6,3,5,0,1.153,36.9,0,0
20.5,47.0,2,29,0,1.017,14.6,1,1
31.1,18.8,18,82,0,1.269,9.9,0,0
22.9,15.0,8,144,0,1.237,65.3,0,0
50.5,6.3,2,96,1,1.106,20.4,1,0
59.8,21.0,7,115,0,1.045,49.4,0,0
15.9,9.3,9,61,1,0.998,27.0,1,0
52.5,16.8,3,124,0,1.301,23.1,4,1
6.9,12.8,19,111,1,1.352,39.7,0,1
24.0,5.4,2,5,0,1.176,15.9,3,0
29.2,24.3,3,54,0,1.387,38.2,1,1
15.8,49.6,5,48,0,1.373,31.9,0,1
10.5,13.6,21,33,0,1.117,41.4,1,1
11.7,11.8,12,77,0,1.039,95.6,6,0
28.2,16.3,3,123,0,1.065,25.1,0,0
22.9,17.7,6,64,0,0.995,17.2,0,0
14.3,9.6,14,46,0,1.284,31.3,2,0
9.4,14.5,12,79,0,1.197,16.0,2,0
30.0,16.1,6,83,0,1.118,18.7,1,1
41.1,13.1,11,81,0,1.267,19.9,1,0
26.3,21.5,2,26,0,1.121,23.7,1,1
38.2,23.9,6,113,0,1.337,1.7,0,1
23.6,15.0,19,16,0,0.71,38.8,0,1
11.5,23.1,6,32,0,1.079,25.0,0,0
17.3,22.8,7,96,0,1.234,4.4,1,0
21.8,9.4,15,114,0,1.282,54.1,4,1
37.2,11.3,6,53,0,1.028,67.3,1,0
11.5,26.4,4,49,0,0.891,19.3,0,1
4.4,23.0,1,49,0,0.856,13.5,0,1
19.8,9.6,32,32,0,0.96,30.7,1,1
19.9,9.8,20,50,0,1.339,41.9,1,1
39.5,4.8,17,38,1,1.084,14.0,2,1
8.4,17.3,5,38,0,1.21,17.4,4,0
13.4,7.1,22,59,1,0.999,56.7,1,1
21.5,8.7,19,73,0,1.19,60.6,1,1
3.8,6.3,3,95,0,1.38,17.3,1,0
12.0,14.3,19,68,0,1.104,16.7,4,1
10.1,7.7,1,69,0,1.37,10.2,1,0
36.8,8.7,4,60,0,1.274,27.0,5,0
11.8,14.0,28,39,1,0.867,10.1,0,1
33.6,15.1,6,66,0,0.86,45.2,1,1
90.2,10.8,13,87,0,1.317,16.8,1,1
43.2,15.5,4,86,0,0.873,8.0,2,0
35.6,2.9,6,47,0,0.862,5.4,2,0
58.4,12.5,3,66,1,0.971,13.3,1,0
44.5,13.3,13,97,0,1.172,13.3,2,0
41.8,17.4,9,81,0,0.901,15.7,1,1
17.4,16.9,5,46,0,1.207,25.9,5,0
25.2,7.5,12,26,0,0.823,36.1,1,0
18.0,22.7,4,5,0,1.339,54.5,0,1
34.6,51.4,8,115,0,0.874,15.8,0,1
4.4,11.3,5,148,0,0.872,25.0,1,1
28.0,21.7,9,95,0,0.901,36.6,4,0
43.8,11.6,5,41,0,1.293,29.5,1,0
15.5,6.8,6,59,0,0.77,92.9,0,1
13.2,30.9,2,48,1,0.999,21.0,1,1
26.6,10.2,7,59,0,1.252,13.1,5,0
32.5,38.4,8,81,1,0.725,46.3,1,1
11.9,8.4,23,85,0,1.067,8.3,1,1
24.8,22.1,4,38,0,0.714,23.6,0,1
35.1,24.0,10,81,1,1.065,53.9,1,0
34.4,5.9,20,5,0,1.243,6.2,1,1
9.4,6.0,3,119,0,1.178,27.3,0,0
7.0,8.2,29,23,0,0.732,15.5,1,1
17.4,8.8,3,72,0,0.83,16.2,0,0
45.0,28.4,6,87,0,0.778,10.3,0,0
20.0,50.7,7,77,1,0.992,31.6,2,1
23.2,10.4,8,87,0,1.075,6.7,4,0
23.6,6.9,6,114,0,0.914,35.8,7,0
6.7,12.8,9,49,0,1.167,4.8,3,0
29.2,28.5,6,78,0,0.722,39.3,3,1
54.5,8.1,4,48,1,0.778,15.6,0,0
8.1,4.7,23,109,1,0.761,15.7,1,1
34.1,13.6,8,65,0,1.116,33.9,1,0
74.2,16.0,3,66,0,0.726,55.1,0,0
64.5,9.5,2,62,1,0.875,38.0,0,0
15.2,26.2,5,81,1,1.39,29.7,0,1
28.2,12.2,8,67,1,0.911,35.2,0,0
22.4,22.3,15,67,0,0.874,37.1,1,0
35.7,3.1,3,57,0,1.087,12.4,0,0
36.1,8.0,8,61,0,0.704,25.4,0,0
23.6,13.9,8,73,0,0.802,62.6,1,0
12.2,13.9,4,104,1,1.267,14.1,1,0
37.5,23.8,1,82,0,0.859,14.2,0,1
11.8,22.0,9,54,0,0.805,9.9,0,0
18.4,9.8,6,56,0,0.759,66.2,1,0
18.9,7.8,10,124,0,1.013,33.7,0,1
56.2,12.5,5,18,0,1.331,28.4,2,0
9.2,16.0,2,24,0,0.887,16.3,2,0
22.8,8.3,17,44,0,1.073,20.8,1,1
11.1,22.7,16,92,0,1.235,69.5,0,0
15.0,19.8,12,40,0,0.77,10.7,2,1
5.4,8.8,4,39,0,1.148,12.5,1,0
14.8,6.3,8,102,1,0.751,23.8,1,1
7.3,24.6,4,20,0,0.876,42.1,1,0
18.3,34.9,16,93,0,1.237,36.7,1,0
19.8,19.2,43,112,0,0.828,29.1,1,0
18.6,14.9,13,95,0,1.4,39.9,2,1
45.7,21.3,10,77,0,1.008,35.9,0,0
21.4,28.7,17,94,1,0.929,42.9,0,0
24.4,13.8,5,159,0,0.994,29.3,4,1
28.1,2.6,20,71,0,0.758,26.1,1,1
32.6,16.6,8,71,0,0.786,41.1,0,0
24.6,17.0,3,142,0,0.964,26.4,4,0
56.0,9.3,1,51,0,1.236,11.8,1,0
14.2,12.3,11,61,0,0.701,31.5,0,0
29.9,19.6,23,132,1,0.807,32.3,2,0
11.1,9.9,7,103,0,0.784,19.6,0,0
9.8,12.0,5,28,0,1.02,64.8,1,0
28.1,14.4,5,74,0,0.993,19.6,2,0
29.2,19.7,2,95,0,1.135,37.2,0,0
23.4,26.9,16,68,0,0.929,29.1,2,0
25.1,17.8,6,66,0,0.823,16.8,0,0
7.9,35.5,14,25,0,1.151,10.8,1,0
16.5,10.4,11,92,0,1.176,34.6,0,0
59.2,13.9,5,141,0,1.107,39.0,1,0
32.7,13.5,8,84,0,1.14,57.3,0,0
40.9,3.8,3,103,0,0.974,13.9,2,0
35.1,4.4,9,40,0,0.801,8.3,2,0
44.4,5.8,14,34,0,1.356,2.8,1,1
17.7,6.6,4,43,0,0.767,41.7,1,0
30.0,7.0,14,80,0,1.258,42.6,0,1
32.6,2.9,6,74,0,1.028,33.5,3,0
52.4,27.5,17,15,0,1.067,16.8,2,0
28.1,14.4,5,58,0,0.878,44.4,0,0
9.1,21.1,5,72,0,1.281,22.5,1,1
19.7,11.4,5,82,0,1.277,1.7,0,0
42.5,9.4,2,72,0,1.176,18.0,0,0
24.2,25.9,2,100,0,0.909,71.6,0,1
52.1,23.1,1,24,1,0.916,27.2,5,1
34.9,8.4,8,132,1,1.186,8.2,0,0
54.6,8.1,4,5,0,0.715,20.2,4,0
11.7,32.9,3,107,0,1.398,63.5,4,1
26.5,34.0,7,116,0,0.734,16.2,2,0
20.9,2.9,4,37,0,1.032,20.2,1,0
54.0,13.4,10,135,0,1.286,57.0,0,0
20.8,7.9,18,65,1,1.113,22.6,1,1
24.9,9.9,2,64,1,1.011,50.0,1,0
18.2,13.5,7,101,0,0.951,15.8,1,0
27.9,22.7,19,75,0,0.848,24.7,2,0
20.2,17.5,8,54,0,1.238,16.9,0,0
22.3,3.8,8,59,0,1.187,4.5,0,0
14.3,5.7,13,77,0,1.282,19.6,2,0
34.4,32.2,3,50,0,1.236,9.9,2,1
23.3,9.1,16,89,0,0.787,17.7,1,1
34.2,8.2,2,53,0,0.71,14.1,1,0
9.5,25.5,5,55,0,0.834,45.3,1,0
15.7,12.5,5,56,1,0.714,22.7,0,0
9.7,10.0,6,5,0,1.315,65.8,1,0
22.3,4.3,10,60,1,0.944,11.2,1,0
57.9,7.4,1,84,0,1.361,37.8,0,0
33.9,7.5,5,127,0,0.791,41.7,1,0
32.2,21.1,9,122,0,1.165,4.3,0,1
44.0,10.7,14,71,1,0.759,28.2,1,0
37.8,14.0,11,70,1,1.192,16.1,2,0
11.4,12.5,5,47,1,0.712,20.6,2,0
24.1,11.2,11,96,0,0.76,18.8,2,0
16.2,7.6,2,27,0,0.883,27.6,1,0
50.7,18.6,15,40,1,1.093,13.8,1,0
19.7,14.1,13,19,0,1.056,3.3,2,1
19.6,7.7,5,66,1,1.146,70.2,3,0
23.2,19.7,10,77,0,1.268,13.5,4,0
36.0,6.0,3,31,0,0.757,20.0,0,0
18.7,12.0,15,38,0,1.077,21.9,0,0
35.3,3.8,2,89,0,0.887,19.0,0,0
26.2,11.4,7,62,0,1.048,47.2,1,0
5.7,21.5,7,38,0,0.756,23.6,0,0
25.0,6.2,19,49,0,0.999,5.7,6,1
39.1,3.5,5,94,0,0.951,25.2,3,0
28.6,17.7,4,90,0,1.345,25.2,1,0
20.3,19.4,16,65,1,0.763,21.9,1,0
66.2,41.7,7,34,0,0.771,12.7,2,1
25.9,1.4,18,27,0,1.018,7.2,0,1
13.2,54.5,8,9,0,1.366,15.9,3,1
45.9,5.4,6,40,0,1.247,41.9,0,0
12.1,26.7,12,91,0,0.925,34.9,1,0
32.8,26.0,15,44,0,1.2,65.3,0,0
16.2,19.9,10,35,0,0.756,20.4,0,1
10.8,22.5,12,38,0,1.388,8.9,1,0
27.3,7.7,10,55,0,0.826,42.7,2,0
18.6,21.2,7,105,0,0.815,49.8,0,0
33.9,12.8,3,39,0,0.708,13.7,0,0
43.5,4.0,3,50,0,0.906,11.4,0,0
42.2,11.7,9,30,0,0.746,22.9,1,0
27.8,14.7,22,101,0,1.351,44.5,2,1
26.7,18.7,9,68,0,0.95,34.8,0,0
27.8,8.1,3,22,1,1.071,45.1,1,0
57.0,16.2,8,34,0,0.879,32.6,0,0
16.3,22.4,10,84,0,0.805,38.3,1,0
58.3,27.8,8,107,0,0.746,83.8,1,1
9.3,18.2,4,49,1,1.026,53.2,2,0
52.8,8.9,6,92,0,0.937,11.7,3,0
28.6,12.6,13,83,0,1.089,11.9,2,0
56.3,15.3,2,134,0,1.335,36.9,1,0
16.7,18.2,2,36,0,1.381,12.3,1,0
35.2,26.7,2,131,0,1.348,51.8,1,1
39.5,22.1,14,96,0,0.912,38.4,6,0
61.5,19.3,8,39,0,0.742,46.9,0,0
61.1,3.5,4,93,0,1.071,19.6,1,0
24.6,14.6,6,44,0,1.144,15.9,3,0
19.7,6.2,2,78,0,0.785,8.4,2,0
23.6,22.1,8,90,0,1.199,26.4,1,1
46.6,13.3,31,49,0,0.737,23.7,1,1
31.2,25.6,3,132,0,0.863,10.8,0,1
67.4,8.7,10,70,1,1.362,38.0,8,1
60.0,6.0,22,72,1,1.227,27.5,1,1
33.9,13.3,14,98,0,1.249,43.9,2,0
47.2,8.2,6,95,0,1.325,12.5,1,0
21.4,17.7,4,100,0,0.932,35.7,4,0
41.6,13.3,24,94,0,1.129,37.1,1,0
35.1,9.3,10,143,0,1.171,7.6,1,0
39.9,18.8,2,78,0,1.155,101.9,1,0
11.9,8.7,10,77,0,0.841,11.2,3,0
49.8,19.1,3,116,1,0.74,11.9,1,0
39.0,7.7,15,70,0,0.955,70.5,0,0
21.8,7.3,4,31,1,1.34,30.0,2,0
14.9,2.1,10,53,0,1.145,75.4,0,0
24.0,12.8,9,53,0,0.96,68.1,2,0
51.9,9.1,2,128,0,0.96,60.7,0,0
24.1,12.3,14,44,0,1.119,54.7,1,0
22.5,26.1,25,29,0,1.366,11.4,5,0
13.1,5.2,10,100,0,0.905,9.0,0,0
36.1,7.1,3,140,0,0.995,10.6,0,0
13.2,7.1,1,22,1,1.397,9.2,2,0
25.5,6.5,5,141,0,1.08,10.9,1,0
5.2,4.6,11,38,1,1.049,42.6,1,1
29.2,10.9,3,8,1,1.161,53.9,0,1
31.0,5.4,3,19,0,1.231,52.4,1,0
12.0,26.3,9,72,0,0.965,50.1,1,1
10.0,17.4,22,56,0,1.288,24.8,1,1
39.1,22.0,5,67,0,0.866,37.0,2,0
18.1,4.4,5,51,0,0.754,42.2,1,0
30.3,7.8,13,25,0,1.08,42.0,0,1
59.0,13.1,14,93,1,1.117,16.5,0,1
8.9,8.4,6,52,0,0.916,12.0,0,0
18.4,6.4,17,108,0,0.899,39.0,0,1
12.4,12.9,11,93,0,1.028,17.6,0,0
27.1,6.7,4,58,0,1.041,0.7,0,0
59.6,3.6,9,52,0,1.253,2.2,2,0
21.9,12.2,6,5,1,1.145,45.0,0,1
16.6,5.3,12,98,0,1.286,13.5,2,1
53.7,42.7,3,76,0,1.182,11.9,1,1
18.9,23.3,3,86,1,0.859,10.2,1,1
12.4,15.6,10,39,0,1.28,37.3,1,0
45.9,15.2,10,70,0,0.862,30.5,2,1
17.3,26.8,8,28,0,1.101,6.9,1,0
20.0,19.5,5,35,0,0.868,8.2,0,1
27.6,33.5,6,115,0,1.061,13.3,4,0
76.2,19.7,5,58,0,0.97,10.1,0,0
35.7,8.0,15,65,0,1.063,54.4,0,1
25.6,1.2,8,19,0,1.049,2.7,2,0
35.2,30.7,5,37,0,0.995,39.6,0,1
35.6,10.7,6,31,0,1.249,6.3,2,0
19.3,23.8,11,59,1,1.25,12.1,1,0
27.2,27.4,13,48,0,0.994,10.8,0,0
50.2,16.8,20,58,0,1.296,15.0,0,0
16.9,11.9,15,88,0,0.955,7.7,0,0
9.0,22.4,2,119,0,1.104,28.9,1,0
16.0,3.2,12,86,0,0.779,6.3,0,1
26.0,7.4,5,34,1,1.288,21.9,1,0
33.5,23.8,8,25,1,0.821,0.9,0,1
16.2,22.3,2,35,0,1.138,15.3,0,1
32.3,12.7,4,75,0,1.36,41.2,2,0
33.8,23.7,10,104,1,0.939,21.7,5,0
18.1,7.0,16,102,0,0.848,42.9,0,1
57.1,19.0,8,140,0,1.08,45.7,0,0
10.1,3.6,3,66,1,1.295,17.4,0,0
7.8,20.7,7,52,0,1.323,54.2,1,0
16.7,27.6,10,68,1,0.858,29.6,5,0
12.8,27.0,17,8,0,1.381,44.6,1,0
27.7,6.7,6,69,0,1.11,37.6,1,0
14.6,29.2,12,58,1,1.15,26.5,7,0
19.8,11.8,23,29,0,0.874,11.7,2,1
15.3,5.7,1,114,0,0.95,60.9,1,0
22.2,12.6,8,45,0,0.777,21.1,0,0
23.0,22.7,7,53,0,1.223,16.6,0,1
8.5,32.7,9,17,0,0.948,22.5,0,1
17.0,18.7,3,75,0,1.128,16.3,0,0
24.7,32.7,16,136,1,1.241,15.8,1,0
15.9,18.2,6,77,0,1.123,90.7,0,0
37.9,5.5,11,107,0,0.816,53.3,1,0
34.5,15.4,12,47,0,0.788,9.9,2,0
83.7,16.3,15,92,0,1.011,26.3,1,0
31.9,13.3,4,44,1,1.003,22.4,1,0
7.0,9.9,8,34,0,0.932,45.4,1,0
47.1,39.3,8,84,0,0.74,14.6,2,0
10.8,6.7,10,118,0,0.828,30.1,2,0
21.5,1.9,2,40,1,1.075,16.4,1,0
58.6,15.9,8,81,0,1.362,13.2,2,0
5.3,18.5,6,5,1,0.858,6.5,1,0
4.9,10.1,2,33,0,0.726,7.7,5,0
50.5,7.7,45,158,0,0.816,17.9,1,1
11.1,30.6,8,54,0,1.115,26.1,0,0
21.2,11.3,19,49,0,0.828,26.9,1,1
11.2,8.9,1,91,0,0.801,12.7,0,0
24.5,5.3,8,34,1,1.29,30.5,4,0
8.3,10.8,7,91,0,1.107,2.5,2,0
28.9,38.8,13,91,1,1.358,33.5,0,0
18.2,9.6,9,58,0,1.23,15.1,3,0
27.8,5.2,29,119,1,0.918,17.4,0,1
55.5,20.1,15,16,0,1.105,15.1,2,1
33.8,18.3,8,57,1,0.933,9.2,0,1
83.1,16.3,13,115,1,0.713,9.0,0,0
23.2,13.8,7,102,1,1.005,27.9,0,0
24.9,12.1,9,54,0,1.378,8.0,0,0
14.6,16.0,12,47,1,1.258,17.1,1,0
2.2,18.7,5,78,0,0.705,15.3,0,0
58.7,23.0,4,5,0,0.948,26.9,1,1
51.8,30.5,3,71,0,1.181,33.5,3,1
16.5,13.5,15,79,1,1.175,83.5,1,0
32.4,19.9,7,44,0,0.87,59.6,1,0
29.1,17.4,10,70,0,0.982,24.4,2,0
3.7,11.4,11,70,1,1.215,3.4,1,0
20.7,9.4,3,19,0,1.366,30.6,1,0
16.0,9.6,5,68,1,0.927,9.8,1,0
7.3,5.6,5,22,0,0.766,47.0,4,0
22.1,4.0,8,47,1,1.14,15.2,1,0
15.8,21.4,12,52,1,0.992,3.3,1,0
19.7,10.4,14,121,0,1.101,95.2,2,1
32.9,19.9,12,99,1,0.906,21.0,2,0
21.3,9.7,14,122,0,1.116,65.8,0,1
38.7,15.4,20,49,0,0.808,12.6,3,1
17.7,10.8,2,60,0,0.741,28.1,2,0
29.3,9.6,4,79,0,1.303,31.6,1,0
6.3,13.5,8,73,0,0.721,12.3,2,0
20.1,30.3,6,108,0,0.975,17.9,2,1
29.4,5.7,9,93,0,0.989,14.8,1,1
23.4,20.9,15,101,0,1.029,69.8,1,0
28.5,7.3,2,60,0,1.358,51.0,1,0
7.9,9.7,23,96,0,0.97,19.5,1,1
13.5,20.0,8,53,0,1.143,11.6,0,1
20.7,19.8,8,151,0,1.032,11.7,1,1
18.9,10.0,8,59,0,1.157,32.2,0,0
34.1,21.6,8,75,0,1.383,35.4,4,0
7.1,16.1,11,96,0,1.338,11.8,2,1
68.3,11.6,8,152,0,1.344,23.7,1,1
18.0,15.2,31,107,0,1.26,18.7,3,1
51.1,29.3,1,41,0,1.146,21.3,1,1
9.8,20.6,3,106,0,1.135,18.8,1,1
28.4,11.5,6,16,0,1.112,6.1,1,0
53.0,6.3,23,52,1,0.846,7.4,2,1
30.8,12.3,15,44,1,1.262,1.6,1,1
22.7,19.2,7,56,0,1.185,18.8,3,1
17.2,19.5,3,96,0,1.172,19.3,2,0
3.8,6.0,17,107,0,1.19,11.7,1,1
38.6,20.7,5,113,0,1.198,23.8,1,0
15.3,25.0,1,53,0,0.814,12.5,0,1
32.5,4.3,19,21,0,1.325,15.1,0,1
44.6,51.8,5,87,0,0.839,8.2,0,1
27.0,25.7,16,78,1,1.143,10.3,2,0
24.2,8.9,5,9,0,1.05,33.8,0,0
35.9,47.8,9,58,0,0.851,39.6,1,0
45.1,12.6,3,35,0,1.337,23.4,3,0
12.9,22.8,4,5,0,0.975,29.1,0,1
22.9,7.6,7,75,0,1.273,29.8,1,0
29.4,17.8,8,48,0,0.981,13.8,0,0
29.8,34.8,12,49,0,1.349,31.0,0,0
24.6,11.4,1,72,0,0.721,40.6,0,0
32.2,11.3,11,5,1,1.327,14.4,1,0
57.1,13.7,8,32,0,1.354,32.4,2,1
27.4,29.0,23,78,0,1.292,10.1,0,0
8.0,25.3,9,89,1,1.1,17.6,2,1
6.4,7.1,1,116,0,1.391,12.7,2,0
14.0,18.2,4,77,0,0.93,20.6,1,0
25.2,15.4,10,90,1,1.182,31.2,1,1
42.2,8.5,7,73,0,1.098,20.2,1,0
19.1,7.3,2,100,0,0.818,35.2,4,0
39.5,8.5,8,31,1,1.109,13.9,1,0
37.4,14.3,4,46,0,0.977,34.0,0,0
13.4,10.7,8,66,0,0.795,16.7,1,0
13.3,4.1,6,70,0,0.913,21.1,0,0
3.5,38.7,8,28,0,0.702,5.6,1,1
41.2,12.8,7,16,0,1.388,18.2,3,0
16.0,33.3,5,39,0,0.715,7.0,1,1
17.5,7.2,13,45,0,1.021,23.0,0,0
27.5,7.1,14,81,0,0.721,18.5,0,0
6.0,5.8,10,5,0,1.006,58.1,1,1
17.1,10.7,6,148,1,1.178,43.7,2,1
16.8,10.4,5,40,0,1.112,114.1,3,0
5.7,6.8,10,14,0,1.067,101.2,4,1
25.5,26.7,4,24,0,0.793,30.3,0,1
48.0,5.7,21,65,0,1.043,6.7,0,1
15.9,11.9,3,37,0,0.824,27.8,1,0
36.8,13.7,3,63,1,1.069,20.3,4,1
15.5,31.6,9,56,0,0.921,64.7,1,1
18.5,4.1,10,73,0,1.03,19.3,0,0
44.8,22.6,4,66,0,0.822,31.4,1,0
12.1,18.9,3,83,0,0.895,21.8,1,0
20.2,12.8,5,126,0,1.116,7.5,4,1
52.9,16.4,8,56,0,0.863,14.4,1,0
14.8,33.7,3,34,0,1.055,24.4,2,1
36.5,11.8,18,101,1,1.333,17.3,0,1
38.4,11.9,6,83,1,0.7,7.7,1,1
32.8,13.4,15,66,0,1.198,40.5,4,1
28.9,30.7,6,76,0,1.125,16.5,2,0
38.1,23.2,6,51,0,1.371,62.1,0,0
5.6,10.2,8,115,0,1.385,28.1,0,1
48.6,16.9,5,102,0,1.271,15.4,0,0
25.6,12.2,15,78,0,1.298,15.0,1,1
26.8,18.9,12,59,0,1.11,13.3,0,0
22.6,15.8,14,10,0,0.987,77.6,0,1
8.4,8.4,6,96,0,1.194,9.1,4,0
54.7,6.1,8,73,0,0.814,1.5,2,0
7.3,11.0,9,103,0,1.185,7.2,0,0
16.4,14.3,19,21,1,1.109,19.4,1,1
48.5,16.9,14,64,0,0.828,41.3,2,0
39.3,17.8,11,62,0,0.928,40.1,2,1
14.1,7.6,1,6,0,0.836,44.3,2,0
8.8,8.8,14,19,0,0.807,12.4,1,1
21.1,11.0,13,79,0,0.975,8.0,1,0
9.3,11.3,10,158,0,1.342,18.0,1,1
5.9,17.1,5,114,0,0.835,25.4,1,1
32.0,12.1,8,8,0,0.773,8.5,1,1
84.7,13.2,6,76,1,1.375,28.9,0,0
12.4,10.2,6,46,0,1.019,40.2,0,0
45.5,21.9,6,92,0,0.913,28.9,1,0
31.4,24.0,2,74,1,1.136,25.5,0,1
27.6,10.0,6,48,0,1.329,25.8,2,0
25.4,10.3,14,98,0,1.27,11.8,0,1
4.3,15.2,23,72,1,0.853,8.1,3,1
27.1,36.7,2,78,0,1.12,52.7,0,1
17.1,26.8,14,70,0,0.998,66.1,0,0
13.7,9.1,2,70,1,1.144,41.6,1,0
56.4,8.9,5,73,0,0.786,6.4,0,0
32.1,13.9,5,115,0,1.286,38.1,1,1
11.7,31.7,7,100,0,1.269,67.0,0,1
29.3,13.4,9,110,0,1.128,49.1,0,0
19.4,26.0,1,5,0,0.766,13.8,1,1
14.1,27.4,13,85,0,1.332,49.6,0,0
15.4,13.6,3,34,0,1.185,15.9,1,0
31.3,5.7,2,76,0,0.912,29.9,0,0
46.8,4.7,26,110,0,1.145,61.1,1,1
20.8,8.5,10,33,0,1.026,59.5,0,0
34.1,23.0,7,78,0,1.154,6.8,1,0
23.8,18.1,2,51,0,1.103,36.6,1,0
16.0,2.7,23,104,1,0.851,27.7,1,1
10.4,18.1,9,77,0,1.022,22.4,3,0
17.3,4.9,7,59,0,1.078,8.8,1,0
18.5,2.4,17,62,0,1.029,33.9,1,1
6.5,18.9,2,80,1,1.079,13.2,1,0
45.4,14.8,7,129,0,0.73,76.2,0,0
46.2,32.0,15,79,0,1.323,5.4,1,0
26.3,13.0,16,87,0,0.972,14.5,0,0
52.3,15.9,16,103,0,1.165,25.3,0,0
12.1,11.9,8,64,0,1.109,29.9,1,0
9.7,13.5,3,36,0,1.339,2.8,2,1
32.6,22.6,8,74,0,1.294,88.9,1,1
14.8,7.7,12,101,1,1.239,22.8,0,1
60.3,12.5,17,67,0,1.096,14.5,2,1
23.6,22.0,15,35,1,1.06,14.4,0,0
41.4,29.4,8,93,1,0.943,22.2,0,0
15.0,22.1,14,130,0,0.941,56.2,2,0
15.0,11.9,9,72,0,0.816,7.0,3,0
35.2,5.3,9,43,0,0.946,31.4,0,1
18.7,10.4,5,106,0,1.246,14.2,0,0
20.1,21.1,7,102,0,1.094,11.2,1,0
12.9,5.2,6,90,0,1.035,18.2,2,0
37.3,23.3,10,78,0,1.282,13.0,0,0
34.3,5.2,1,76,1,1.167,101.0,1,0
13.9,20.5,13,123,0,0.997,45.4,1,0
17.4,21.3,4,95,0,0.813,19.0,1,0
17.6,15.5,1,68,1,1.372,48.2,1,0
15.8,24.3,2,84,0,0.861,28.8,2,1
31.9,11.3,15,65,0,1.221,31.5,0,1
28.5,15.2,7,63,0,0.715,45.8,1,0
14.0,17.7,9,62,0,1.246,10.4,2,0
60.6,24.8,3,94,1,1.197,47.0,0,0
28.6,11.3,17,63,0,1.147,43.2,1,1
18.2,13.9,8,69,0,0.861,66.8,1,0
15.5,46.2,14,78,0,1.327,115.6,1,0
16.3,13.6,5,97,0,0.948,31.1,1,0
7.4,10.5,19,113,0,0.89,10.9,0,1
9.5,8.0,11,49,0,0.8,26.2,0,1
21.2,10.3,9,89,0,1.087,10.9,4,0
24.4,23.5,6,90,0,1.247,5.7,1,0
25.0,15.9,19,76,1,0.83,41.9,2,0
13.8,46.9,10,12,0,1.043,34.4,0,0
14.6,6.0,7,69,0,1.326,39.4,1,0
41.1,20.3,2,77,0,1.209,35.5,1,1
17.8,17.3,16,114,0,0.874,47.7,1,1
28.4,26.9,12,112,0,0.982,15.9,0,0
28.3,8.7,26,92,1,0.777,59.6,1,1
13.3,8.7,3,152,1,0.751,9.4,2,0
51.8,18.4,2,89,1,1.196,26.7,1,0
110.0,2.9,10,54,0,0.776,27.2,1,0
39.3,17.5,8,103,0,1.158,71.5,2,0
30.7,10.6,11,66,0,1.314,7.7,0,0
39.6,10.1,2,85,0,0.762,20.4,0,0
41.8,28.7,8,39,0,0.852,24.8,1,0
27.1,22.6,7,52,0,0.731,27.8,0,0
34.1,24.6,15,20,0,1.136,18.0,2,1
26.2,18.7,2,71,0,0.887,16.9,1,0
27.1,8.0,6,48,0,1.109,35.6,1,0
53.0,8.9,7,148,0,1.231,17.7,1,1
31.9,31.7,10,112,0,0.957,42.1,0,0
34.9,11.3,4,55,0,0.811,10.9,4,0
29.7,10.4,21,45,1,0.752,1.6,0,1
29.4,12.4,21,47,1,1.113,31.3,2,1
79.5,11.3,16,43,0,0.745,14.3,1,1
38.6,14.0,10,38,0,1.184,33.2,1,0
43.2,11.8,2,68,1,0.741,19.2,1,0
29.3,5.9,22,48,0,0.897,9.6,0,1
33.6,20.0,2,35,0,1.262,28.3,2,0
47.9,16.3,2,113,0,1.261,21.4,0,0
44.1,12.9,5,51,0,0.899,8.2,4,1
17.0,11.9,11,51,0,1.041,39.1,1,0
19.8,12.8,10,126,0,1.129,28.8,1,0
9.1,27.3,18,133,0,1.1,42.6,1,0
17.6,7.9,7,101,0,1.319,7.3,1,0
8.8,11.9,12,78,0,1.072,3.8,0,0
12.3,25.7,6,46,0,1.131,21.5,0,0
30.7,10.7,22,106,0,1.168,96.9,2,1
17.6,5.1,13,52,0,0.969,30.0,1,1
29.8,26.8,10,21,0,1.288,14.5,1,0
18.3,7.4,2,56,1,0.815,12.5,0,0
45.1,9.2,4,32,0,1.197,63.8,0,0
9.0,32.9,13,43,1,0.812,36.6,0,0
22.9,6.2,4,118,0,0.857,32.6,1,0
18.0,13.5,4,120,1,1.257,31.5,5,0
9.5,38.4,22,46,0,1.147,4.4,0,0
9.5,15.4,6,47,0,1.138,21.6,0,0
26.3,12.0,3,41,0,0.952,27.0,2,0
24.9,50.8,18,130,1,1.363,63.8,0,0
9.8,5.2,18,123,0,0.926,4.4,0,1
2.8,13.7,6,48,0,0.81,120.6,1,0
34.4,12.3,13,107,0,0.935,32.3,1,1
22.5,18.2,11,79,0,0.804,4.1,3,0
42.5,11.3,11,84,0,1.386,48.1,0,0
17.9,16.1,9,91,0,1.347,56.3,0,0
48.8,16.7,28,63,0,1.241,8.8,1,1
15.2,18.3,4,60,0,1.211,13.4,0,0
10.1,7.6,3,126,1,0.759,58.4,1,0
34.4,10.6,6,70,1,0.969,78.9,0,0
7.9,6.0,16,84,1,0.905,25.6,2,0
44.1,7.2,8,134,1,0.76,46.0,0,0
22.8,16.2,12,88,0,1.289,19.2,0,0
45.7,16.6,15,73,0,1.351,19.2,0,0
51.6,6.1,3,57,0,1.181,12.8,2,0
22.3,6.8,15,46,0,0.827,13.0,2,1
25.8,25.0,13,80,0,1.305,47.3,3,0
30.9,6.3,2,49,1,1.212,37.0,1,0
63.4,5.9,2,61,1,0.759,13.5,3,0
19.4,6.7,9,9,1,1.184,39.0,0,1
18.2,26.9,2,86,1,0.759,23.8,0,1
41.6,8.9,11,43,1,0.942,21.6,0,0
13.4,13.5,5,137,0,0.729,35.1,4,1
6.3,23.4,4,44,0,1.232,11.6,1,1
51.8,11.0,7,59,0,1.105,57.6,0,0
13.6,20.2,5,69,0,1.017,13.1,1,0
60.3,12.9,11,58,1,1.261,32.1,2,0
30.2,7.5,29,10,0,1.256,7.3,0,1
7.7,9.4,5,73,0,1.119,30.2,1,0
14.5,3.9,4,88,1,0.701,47.7,0,0
15.3,6.5,9,60,1,1.397,37.5,0,1
23.2,22.5,10,63,0,1.338,24.9,3,1
43.4,36.0,2,60,0,1.033,16.0,1,1
20.6,15.1,11,43,0,1.31,5.6,0,1
16.9,7.4,12,50,1,0.944,7.3,1,1
43.5,17.7,6,123,0,0.834,17.8,0,0
12.0,11.3,5,87,0,0.942,16.1,2,0
39.4,32.4,8,99,0,1.258,45.4,2,0
39.7,15.7,4,53,0,0.73,86.5,1,0
31.8,7.5,7,103,0,1.334,4.2,3,0
4.8,22.6,3,111,0,1.326,45.4,3,0
28.0,12.5,4,58,0,0.775,26.3,0,0
16.6,20.5,7,159,0,0.972,12.9,1,1
19.5,5.7,10,40,0,1.255,34.4,0,1
8.4,25.2,5,32,0,1.379,68.0,0,1
4.0,5.5,14,44,0,1.271,15.9,0,1
22.6,23.4,2,55,0,0.811,53.3,2,1
27.6,6.8,9,96,0,0.914,55.9,0,0
26.5,24.5,3,48,0,0.954,51.7,1,0
18.0,12.8,12,5,1,0.889,48.9,0,1
8.4,21.6,37,52,0,1.045,41.7,0,0
9.8,7.5,4,60,0,1.099,9.0,0,0
72.9,7.9,5,84,0,1.141,36.1,1,0
14.3,15.5,4,5,0,0.79,3.7,1,0
41.8,7.9,9,59,0,0.779,7.1,1,0
4.2,8.7,6,69,0,1.219,30.8,0,0
24.3,9.5,9,72,1,1.374,20.3,1,0
24.8,14.0,3,95,0,1.036,4.0,0,0
21.2,6.4,9,39,1,1.266,24.0,1,0
31.8,14.9,7,66,0,0.775,30.9,3,0
3.1,12.0,6,73,0,0.852,26.0,1,0
24.6,6.8,17,61,0,1.35,42.8,2,1
18.1,20.1,6,84,0,1.298,40.7,2,1
17.9,34.7,3,38,1,1.013,7.7,3,1
17.7,8.2,9,86,0,1.389,5.5,1,0
29.0,16.3,5,62,1,1.266,23.7,1,0
18.4,13.0,10,96,0,1.032,35.5,0,0
19.0,27.5,5,109,0,0.854,27.2,0,0
16.5,7.7,2,100,0,0.979,21.2,0,0
73.3,21.5,6,26,0,1.091,62.0,1,0
3.8,14.5,3,48,0,0.821,4.3,1,0
22.3,15.5,3,78,1,0.85,5.3,3,0
14.9,14.2,13,58,1,0.991,23.4,4,1
14.8,19.8,4,49,1,0.885,5.1,1,0
6.1,5.1,3,99,0,0.951,13.2,2,0
8.3,13.7,13,34,0,1.339,41.5,1,1
34.7,4.8,7,15,0,1.165,57.5,1,0
44.7,6.8,4,37,1,1.157,26.3,0,0
7.8,19.5,4,82,0,1.263,20.3,2,1
29.1,14.2,4,119,0,1.085,65.5,2,0
29.8,13.7,6,133,0,1.048,24.1,1,0
26.8,6.4,9,61,0,0.858,7.4,1,0
23.1,13.1,12,37,0,1.4,18.9,0,0
38.3,12.5,2,71,0,1.206,6.8,1,0
11.7,22.9,5,75,1,1.177,15.5,0,0
12.5,15.7,3,12,1,0.936,29.7,2,1
28.4,6.5,6,7,0,0.839,4.6,5,1
33.4,13.8,9,26,1,1.188,62.7,1,1
22.7,9.1,8,112,0,1.001,40.6,0,0
23.9,11.9,6,61,1,1.129,17.7,1,0
39.6,8.7,1,51,0,0.782,34.4,0,0
46.0,12.2,4,87,0,1.294,22.9,2,0
70.5,7.9,1,107,0,1.239,43.6,1,0
11.5,8.6,8,45,0,1.249,25.2,2,0
11.6,8.1,4,75,0,1.23,3.9,0,0
84.0,15.2,12,78,0,0.86,19.2,0,1
24.6,20.8,10,100,1,0.714,62.1,0,1
33.4,18.7,14,70,1,1.116,37.8,1,0
16.4,13.5,6,20,0,1.079,15.5,0,0
38.1,3.2,7,69,0,1.051,30.2,1,0
7.6,1.5,29,82,0,0.992,10.2,3,1
8.9,3.9,9,66,0,1.127,16.5,2,0
55.4,24.6,1,47,0,1.078,33.8,1,1
38.1,39.2,7,25,0,1.229,53.8,1,1
16.0,16.4,14,108,0,1.306,8.2,1,1
38.6,26.2,14,94,1,0.822,22.8,0,0
22.5,10.4,7,71,0,1.098,57.4,0,0
9.2,15.6,13,35,0,1.068,21.9,0,0
27.0,6.2,10,93,0,1.119,4.7,1,0
23.1,22.2,19,51,0,0.825,60.3,0,0
14.0,19.7,8,10,0,0.834,37.8,0,0
11.1,30.7,10,101,0,0.921,3.0,1,0
39.6,3.9,6,5,1,1.035,39.7,0,1
25.7,17.6,24,62,0,0.923,15.1,2,0
24.9,13.5,6,96,0,0.974,37.2,1,1
8.8,5.7,9,75,0,0.768,40.4,1,0
17.2,10.1,10,94,1,1.072,11.2,2,1
26.6,7.4,3,106,1,0.833,33.3,0,1
11.0,9.4,12,37,1,1.275,17.7,1,1
43.1,9.5,15,70,1,1.071,4.5,1,0
58.4,5.9,13,68,0,0.921,19.3,0,1
34.8,10.6,4,66,0,0.925,38.4,5,0
36.3,3.0,5,93,0,0.853,44.4,1,0
25.1,22.6,4,92,0,0.986,21.9,0,0
42.0,21.5,5,104,0,1.301,9.0,1,0
31.6,31.6,12,36,1,1.025,10.0,0,0
28.2,8.7,2,80,0,1.142,24.4,2,0
33.1,2.3,5,33,0,1.298,20.7,1,0
20.3,34.2,8,84,1,1.162,6.1,7,0
68.6,11.3,19,125,0,0.746,36.8,3,1
9.3,10.4,8,121,0,0.988,18.6,1,1
34.7,7.7,7,26,0,0.829,23.2,0,0
8.5,53.9,13,32,0,0.947,5.8,4,0
21.2,10.0,3,84,0,1.132,40.8,0,0
28.3,29.1,11,50,0,0.814,55.6,1,0
18.4,6.0,13,113,0,0.987,37.7,1,1
25.6,7.3,9,96,1,1.165,8.5,3,0
5.3,23.0,13,87,1,1.024,26.8,2,0
23.2,14.9,7,34,0,1.162,5.9,2,0
16.3,17.8,2,97,0,1.395,19.0,4,0
28.1,12.8,4,90,0,0.906,22.6,0,0
20.2,16.0,7,68,0,1.302,1.7,3,0
8.0,17.2,28,20,0,0.973,42.7,1,0
21.6,15.9,3,121,0,1.36,22.8,0,0
13.4,7.2,14,31,1,1.299,7.8,1,1
24.8,14.3,8,19,0,1.209,23.3,1,0
12.2,18.1,8,86,1,1.109,29.1,1,0
15.7,11.0,6,105,1,0.965,68.0,1,0
18.3,12.7,10,45,0,0.964,36.9,1,0
39.7,15.9,9,38,0,1.24,36.5,1,0
14.6,21.8,9,81,0,0.949,15.8,2,0
13.8,9.8,7,134,0,1.352,47.0,0,1
12.8,16.8,18,128,0,0.703,34.7,0,0
18.5,16.7,12,101,0,1.271,36.2,1,0
70.6,18.4,7,80,1,1.232,37.6,1,1
31.7,25.9,10,63,0,1.059,23.3,1,0
61.8,19.7,11,61,0,1.316,4.2,0,0
19.5,8.7,10,59,0,0.73,6.2,1,0
21.6,10.3,4,76,1,1.032,15.5,2,0
24.4,11.5,9,54,0,0.707,49.8,0,1
27.4,19.9,7,61,0,0.867,7.4,0,0
30.7,12.7,4,49,0,1.241,31.9,1,0
8.5,12.2,8,64,0,0.969,3.2,0,0
18.9,14.8,9,67,1,0.967,20.9,2,0
15.9,33.0,9,78,1,1.001,23.4,0,0
39.5,7.1,7,88,0,1.182,22.5,2,0
29.4,9.4,8,170,0,1.139,29.9,0,1
17.8,17.1,5,112,0,1.291,16.6,1,1
29.8,2.5,6,109,0,1.142,48.0,1,0
32.7,11.1,1,115,0,1.349,5.8,0,0
34.8,20.7,6,87,0,1.28,12.7,1,1
13.3,15.0,1,16,1,0.823,5.1,0,0
26.2,15.3,6,88,0,0.844,28.3,2,0
17.5,15.8,10,59,0,0.734,31.4,3,0
20.1,8.5,10,51,0,1.248,19.6,0,0
13.4,14.8,1,19,1,0.961,17.7,1,0
32.3,33.0,5,23,0,1.258,41.6,1,1
36.0,16.2,4,63,1,1.199,14.7,1,0
26.3,20.2,8,80,0,1.29,64.3,1,0
34.9,24.2,6,71,0,1.045,8.3,1,1
11.4,14.5,31,55,0,1.271,19.2,0,1
46.7,14.5,30,87,0,1.35,64.4,1,1
15.0,15.8,8,94,1,1.253,28.7,2,0
33.3,15.5,6,88,0,0.819,7.2,0,0
16.0,8.6,9,90,1,0.856,53.5,1,0
50.1,11.9,3,96,0,1.064,3.4,1,0
25.7,3.8,9,9,0,1.04,15.7,1,1
30.0,20.5,17,83,0,1.177,29.2,1,0
21.5,6.0,15,51,0,0.901,4.4,0,1
33.4,10.6,15,132,0,1.206,60.0,0,0
39.2,14.0,10,109,0,1.237,20.4,0,1
47.0,7.0,15,80,1,1.222,66.5,0,0
8.9,14.1,1,63,1,1.13,14.1,0,0
4.8,19.2,5,5,0,1.247,8.9,2,1
7.9,15.8,12,31,1,1.288,37.5,2,0
30.0,34.4,6,54,0,0.753,13.2,1,1
19.1,14.8,39,83,0,1.033,24.2,0,1
25.3,12.0,4,57,0,0.815,13.8,0,0
12.9,9.7,19,120,0,1.38,62.4,2,1
19.1,10.4,8,50,0,0.899,26.2,1,0
40.7,28.1,11,149,0,0.759,18.2,1,0
17.6,27.1,3,28,1,1.18,46.2,1,1
13.0,20.7,3,94,0,0.933,20.0,0,0
50.0,4.5,7,66,0,0.787,14.1,3,0
57.5,9.1,4,59,1,1.099,29.2,1,0
5.5,12.1,10,68,0,0.808,9.1,0,1
29.8,10.1,4,43,0,0.808,13.1,1,0
39.6,16.1,6,79,0,0.897,10.8,0,0
9.8,17.5,12,44,1,0.963,20.8,0,0
20.6,17.3,5,77,1,1.392,14.5,1,0
31.3,3.8,4,83,1,0.772,41.7,3,0
8.8,3.5,2,75,0,0.72,51.7,0,0
16.0,14.2,23,52,0,1.207,28.2,1,1
21.3,15.9,8,117,0,1.185,3.1,2,0
32.3,6.9,2,11,0,0.722,17.5,1,0
9.9,18.9,10,86,0,1.134,13.4,0,0
21.1,9.7,4,128,0,1.3,104.5,2,0
22.3,12.6,14,107,0,0.735,44.2,0,1
21.2,5.3,7,32,0,1.208,3.1,0,0
79.8,7.4,8,46,1,1.361,35.2,0,0
16.9,7.1,2,66,0,1.309,13.8,0,0
24.4,18.0,13,31,1,0.894,41.1,0,0
41.7,25.4,8,46,0,1.161,34.0,0,0
34.5,36.6,3,20,0,0.872,23.5,0,1
21.2,9.0,4,93,0,1.274,15.7,0,0
29.0,22.5,3,107,0,1.07,19.1,2,0
27.5,4.0,10,47,0,1.136,15.5,1,0
37.2,22.2,6,58,0,0.921,28.2,2,0
11.0,10.3,3,37,0,1.249,36.7,2,0
31.0,20.6,8,89,0,0.807,5.3,0,0
13.3,10.6,9,45,0,1.202,34.8,0,0
46.0,15.5,6,38,1,1.198,25.8,0,1
13.6,12.2,8,95,0,0.809,13.0,2,1
17.4,11.7,8,110,0,0.98,59.6,1,1
12.2,15.6,9,74,1,1.262,11.7,0,0
10.8,8.0,15,13,1,1.257,20.8,0,1
24.0,6.2,6,108,0,1.344,28.1,0,0
11.8,17.8,6,15,1,1.358,23.4,1,1
19.3,12.1,8,27,1,1.341,3.2,3,0
33.9,9.8,12,57,0,1.185,97.7,2,1
26.3,12.4,4,79,0,0.842,96.8,1,0
13.1,15.8,4,55,0,0.701,52.6,1,0
26.4,11.9,17,114,0,1.217,29.3,1,1
13.6,20.1,9,78,0,0.72,10.1,1,0
7.0,18.7,5,71,0,0.808,49.8,0,0
13.5,20.0,11,24,1,1.158,30.0,2,1
8.6,12.8,3,115,0,1.1,21.6,0,0
11.0,13.7,8,65,0,1.153,32.5,0,0
32.4,8.4,30,35,1,1.188,14.9,1,1
20.9,7.3,4,48,0,1.315,20.7,2,0
28.1,15.2,11,117,0,1.042,72.9,1,0
15.1,8.6,11,78,0,0.947,28.2,2,1
26.6,8.7,23,63,0,1.186,18.6,3,1
10.3,20.1,7,51,0,1.016,45.6,1,0
20.7,15.6,1,87,0,0.706,13.0,0,0
15.7,11.4,6,22,0,0.853,46.4,0,0
33.0,23.6,8,75,0,1.111,29.8,3,0
55.0,17.7,17,53,1,1.206,13.8,3,0
14.1,23.4,13,22,1,1.071,15.6,1,0
16.2,18.2,20,58,1,0.772,13.3,0,0
19.6,15.8,28,20,1,1.161,32.8,0,1
12.8,5.4,10,50,1,0.983,21.3,2,0
17.1,20.0,13,5,1,0.859,8.4,0,1
25.8,11.1,7,47,0,0.962,6.1,4,0
60.6,23.5,1,29,0,1.179,70.7,1,1
20.3,40.6,3,67,0,1.097,34.8,4,1
9.1,18.2,8,64,1,0.908,5.8,0,0
10.7,8.5,7,79,0,1.302,61.8,0,0
17.6,4.6,3,111,0,1.274,5.0,0,0
26.3,4.1,5,112,0,0.73,6.8,5,0
19.3,10.0,1,57,0,1.247,10.1,1,0
42.4,15.2,4,70,0,1.098,9.9,1,0
25.3,4.4,6,36,0,0.745,67.5,3,0
32.9,14.2,3,64,0,1.025,52.2,1,0
28.9,15.6,31,116,1,0.703,9.3,0,1
46.6,25.3,3,39,0,1.377,23.9,0,1
25.3,5.3,13,137,1,1.205,14.4,0,1
15.9,20.0,3,5,0,1.318,5.4,2,1
56.0,34.2,4,76,0,1.061,11.5,1,1
14.1,17.5,3,41,0,1.339,11.6,3,0
21.8,16.0,12,5,0,0.853,19.4,4,0
46.7,11.0,30,102,0,1.139,15.8,0,1
38.9,15.5,8,73,1,0.78,25.8,2,0
17.4,5.5,15,84,0,1.322,49.5,0,1
46.7,29.8,5,44,1,0.765,13.1,1,1
26.8,17.3,4,96,0,1.103,99.6,0,0
35.9,9.8,13,55,0,1.091,62.6,0,1
17.9,24.8,26,102,0,0.818,3.8,0,0
16.2,6.2,11,53,1,1.083,77.1,1,1
13.5,9.5,20,102,1,0.993,13.7,0,1
5.7,9.1,12,84,0,0.73,3.9,1,0
31.6,6.2,10,122,0,1.216,50.4,2,0
37.9,8.0,4,84,0,0.933,21.8,1,0
23.7,12.0,5,108,0,0.813,18.7,3,0
21.8,6.9,7,81,0,0.761,12.5,1,0
5.6,9.7,5,101,0,1.182,64.9,0,0
24.1,18.8,9,73,0,0.994,21.7,2,0
52.5,5.9,3,73,0,1.373,12.7,1,0
21.8,20.0,10,114,0,1.369,10.9,3,0
18.1,7.2,5,73,0,0.835,27.7,0,0
20.0,9.0,3,17,0,0.77,20.5,1,0
33.0,11.2,4,83,0,1.05,18.8,1,0
18.0,15.1,24,116,0,0.829,30.3,0,1
26.4,32.9,15,72,0,1.018,50.5,3,0
40.6,12.7,10,69,0,0.786,8.9,0,0
22.9,7.3,10,53,0,1.011,9.3,7,0
39.5,46.9,19,50,0,0.783,9.8,0,0
19.1,12.1,17,41,0,1.392,42.1,3,1
27.8,26.0,7,63,0,0.796,9.8,1,1
15.5,21.0,10,23,0,0.805,63.5,4,0
25.7,7.7,3,5,0,0.81,18.8,0,0
42.6,14.1,12,67,0,0.952,13.0,1,1
36.0,28.4,10,97,0,0.82,34.3,0,0
26.7,21.4,12,17,0,1.013,22.7,0,0
25.4,8.5,11,146,0,0.989,24.6,2,0
38.7,39.0,6,101,1,1.228,2.4,1,1
24.8,13.8,5,78,0,1.194,9.0,2,0
32.9,8.9,18,124,0,1.336,22.3,0,1
24.9,44.4,11,56,0,1.352,181.3,4,0
37.4,36.6,10,71,0,0.895,19.0,1,0
21.0,17.7,2,16,0,0.86,24.1,2,0
19.8,22.7,5,74,0,1.27,47.8,1,0
19.8,24.1,3,90,0,0.943,35.6,0,0
19.8,12.1,1,61,0,1.28,22.9,0,0
