fecha,codigo_ciiu,actividad,indice
2001-01-01,A011,Cultivo de plantas no perennes,44.63
2001-02-01,A011,Cultivo de plantas no perennes,48.47
2001-03-01,A011,Cultivo de plantas no perennes,50.86
2001-04-01,A011,Cultivo de plantas no perennes,42.29
2001-05-01,A011,Cultivo de plantas no perennes,39.02
2001-06-01,A011,Cultivo de plantas no perennes,40.01
2001-07-01,A011,Cultivo de plantas no perennes,36.36
2001-08-01,A011,Cultivo de plantas no perennes,36.69
2001-09-01,A011,Cultivo de plantas no perennes,37.06
2001-10-01,A011,Cultivo de plantas no perennes,40.34
2001-11-01,A011,Cultivo de plantas no perennes,41.27
2001-12-01,A011,Cultivo de plantas no perennes,44.84
2002-01-01,A011,Cultivo de plantas no perennes,44.75
2002-02-01,A011,Cultivo de plantas no perennes,45.46
2002-03-01,A011,Cultivo de plantas no perennes,52.05
2002-04-01,A011,Cultivo de plantas no perennes,41.05
2002-05-01,A011,Cultivo de plantas no perennes,38.66
2002-06-01,A011,Cultivo de plantas no perennes,39.23
2002-07-01,A011,Cultivo de plantas no perennes,41.2
2002-08-01,A011,Cultivo de plantas no perennes,41.46
2002-09-01,A011,Cultivo de plantas no perennes,43.12
2002-10-01,A011,Cultivo de plantas no perennes,46.36
2002-11-01,A011,Cultivo de plantas no perennes,46.63
2002-12-01,A011,Cultivo de plantas no perennes,48.77
2003-01-01,A011,Cultivo de plantas no perennes,50.08
2003-02-01,A011,Cultivo de plantas no perennes,47.37
2003-03-01,A011,Cultivo de plantas no perennes,48.69
2003-04-01,A011,Cultivo de plantas no perennes,43.91
2003-05-01,A011,Cultivo de plantas no perennes,45.37
2003-06-01,A011,Cultivo de plantas no perennes,40.65
2003-07-01,A011,Cultivo de plantas no perennes,41.96
2003-08-01,A011,Cultivo de plantas no perennes,42.55
2003-09-01,A011,Cultivo de plantas no perennes,43.78
2003-10-01,A011,Cultivo de plantas no perennes,44.59
2003-11-01,A011,Cultivo de plantas no perennes,45.17
2003-12-01,A011,Cultivo de plantas no perennes,44.97
2004-01-01,A011,Cultivo de plantas no perennes,46.49
2004-02-01,A011,Cultivo de plantas no perennes,53.1
2004-03-01,A011,Cultivo de plantas no perennes,53.63
2004-04-01,A011,Cultivo de plantas no perennes,49.99
2004-05-01,A011,Cultivo de plantas no perennes,47.51
2004-06-01,A011,Cultivo de plantas no perennes,50.26
2004-07-01,A011,Cultivo de plantas no perennes,47.46
2004-08-01,A011,Cultivo de plantas no perennes,46.19
2004-09-01,A011,Cultivo de plantas no perennes,45.87
2004-10-01,A011,Cultivo de plantas no perennes,48.22
2004-11-01,A011,Cultivo de plantas no perennes,50.08
2004-12-01,A011,Cultivo de plantas no perennes,51.73
2005-01-01,A011,Cultivo de plantas no perennes,50.97
2005-02-01,A011,Cultivo de plantas no perennes,58.38
2005-03-01,A011,Cultivo de plantas no perennes,63.43
2005-04-01,A011,Cultivo de plantas no perennes,55.15
2005-05-01,A011,Cultivo de plantas no perennes,50.25
2005-06-01,A011,Cultivo de plantas no perennes,48.7
2005-07-01,A011,Cultivo de plantas no perennes,49.0
2005-08-01,A011,Cultivo de plantas no perennes,49.41
2005-09-01,A011,Cultivo de plantas no perennes,49.66
2005-10-01,A011,Cultivo de plantas no perennes,50.41
2005-11-01,A011,Cultivo de plantas no perennes,54.89
2005-12-01,A011,Cultivo de plantas no perennes,56.33
2006-01-01,A011,Cultivo de plantas no perennes,56.23
2006-02-01,A011,Cultivo de plantas no perennes,57.49
2006-03-01,A011,Cultivo de plantas no perennes,58.58
2006-04-01,A011,Cultivo de plantas no perennes,50.11
2006-05-01,A011,Cultivo de plantas no perennes,43.78
2006-06-01,A011,Cultivo de plantas no perennes,45.89
2006-07-01,A011,Cultivo de plantas no perennes,49.21
2006-08-01,A011,Cultivo de plantas no perennes,50.15
2006-09-01,A011,Cultivo de plantas no perennes,50.75
2006-10-01,A011,Cultivo de plantas no perennes,52.03
2006-11-01,A011,Cultivo de plantas no perennes,55.51
2006-12-01,A011,Cultivo de plantas no perennes,58.12
2007-01-01,A011,Cultivo de plantas no perennes,58.65
2007-02-01,A011,Cultivo de plantas no perennes,62.41
2007-03-01,A011,Cultivo de plantas no perennes,64.11
2007-04-01,A011,Cultivo de plantas no perennes,59.5
2007-05-01,A011,Cultivo de plantas no perennes,56.84
2007-06-01,A011,Cultivo de plantas no perennes,57.64
2007-07-01,A011,Cultivo de plantas no perennes,59.0
2007-08-01,A011,Cultivo de plantas no perennes,61.82
2007-09-01,A011,Cultivo de plantas no perennes,67.81
2007-10-01,A011,Cultivo de plantas no perennes,67.45
2007-11-01,A011,Cultivo de plantas no perennes,67.99
2007-12-01,A011,Cultivo de plantas no perennes,68.59
2008-01-01,A011,Cultivo de plantas no perennes,72.32
2008-02-01,A011,Cultivo de plantas no perennes,74.81
2008-03-01,A011,Cultivo de plantas no perennes,79.55
2008-04-01,A011,Cultivo de plantas no perennes,79.57
2008-05-01,A011,Cultivo de plantas no perennes,82.33
2008-06-01,A011,Cultivo de plantas no perennes,87.36
2008-07-01,A011,Cultivo de plantas no perennes,88.82
2008-08-01,A011,Cultivo de plantas no perennes,88.53
2008-09-01,A011,Cultivo de plantas no perennes,85.47
2008-10-01,A011,Cultivo de plantas no perennes,79.09
2008-11-01,A011,Cultivo de plantas no perennes,78.56
2008-12-01,A011,Cultivo de plantas no perennes,79.08
2009-01-01,A011,Cultivo de plantas no perennes,81.86
2009-02-01,A011,Cultivo de plantas no perennes,81.82
2009-03-01,A011,Cultivo de plantas no perennes,84.35
2009-04-01,A011,Cultivo de plantas no perennes,89.79
2009-05-01,A011,Cultivo de plantas no perennes,81.7
2009-06-01,A011,Cultivo de plantas no perennes,77.25
2009-07-01,A011,Cultivo de plantas no perennes,77.3
2009-08-01,A011,Cultivo de plantas no perennes,70.52
2009-09-01,A011,Cultivo de plantas no perennes,69.05
2009-10-01,A011,Cultivo de plantas no perennes,72.51
2009-11-01,A011,Cultivo de plantas no perennes,74.81
2009-12-01,A011,Cultivo de plantas no perennes,80.8
2010-01-01,A011,Cultivo de plantas no perennes,85.42
2010-02-01,A011,Cultivo de plantas no perennes,88.26
2010-03-01,A011,Cultivo de plantas no perennes,87.8
2010-04-01,A011,Cultivo de plantas no perennes,86.98
2010-05-01,A011,Cultivo de plantas no perennes,74.8
2010-06-01,A011,Cultivo de plantas no perennes,74.02
2010-07-01,A011,Cultivo de plantas no perennes,76.48
2010-08-01,A011,Cultivo de plantas no perennes,80.51
2010-09-01,A011,Cultivo de plantas no perennes,82.12
2010-10-01,A011,Cultivo de plantas no perennes,80.66
2010-11-01,A011,Cultivo de plantas no perennes,82.94
2010-12-01,A011,Cultivo de plantas no perennes,86.72
2011-01-01,A011,Cultivo de plantas no perennes,87.38
2011-02-01,A011,Cultivo de plantas no perennes,88.54
2011-03-01,A011,Cultivo de plantas no perennes,90.81
2011-04-01,A011,Cultivo de plantas no perennes,90.9
2011-05-01,A011,Cultivo de plantas no perennes,87.67
2011-06-01,A011,Cultivo de plantas no perennes,87.16
2011-07-01,A011,Cultivo de plantas no perennes,90.22
2011-08-01,A011,Cultivo de plantas no perennes,93.97
2011-09-01,A011,Cultivo de plantas no perennes,97.79
2011-10-01,A011,Cultivo de plantas no perennes,95.18
2011-11-01,A011,Cultivo de plantas no perennes,95.76
2011-12-01,A011,Cultivo de plantas no perennes,93.87
2012-01-01,A011,Cultivo de plantas no perennes,89.96
2012-02-01,A011,Cultivo de plantas no perennes,90.85
2012-03-01,A011,Cultivo de plantas no perennes,96.21
2012-04-01,A011,Cultivo de plantas no perennes,90.64
2012-05-01,A011,Cultivo de plantas no perennes,92.3
2012-06-01,A011,Cultivo de plantas no perennes,89.1
2012-07-01,A011,Cultivo de plantas no perennes,95.88
2012-08-01,A011,Cultivo de plantas no perennes,96.65
2012-09-01,A011,Cultivo de plantas no perennes,102.64
2012-10-01,A011,Cultivo de plantas no perennes,98.63
2012-11-01,A011,Cultivo de plantas no perennes,98.06
2012-12-01,A011,Cultivo de plantas no perennes,99.44
2013-01-01,A011,Cultivo de plantas no perennes,100.74
2013-02-01,A011,Cultivo de plantas no perennes,102.73
2013-03-01,A011,Cultivo de plantas no perennes,105.04
2013-04-01,A011,Cultivo de plantas no perennes,107.35
2013-05-01,A011,Cultivo de plantas no perennes,101.92
2013-06-01,A011,Cultivo de plantas no perennes,101.05
2013-07-01,A011,Cultivo de plantas no perennes,94.41
2013-08-01,A011,Cultivo de plantas no perennes,94.28
2013-09-01,A011,Cultivo de plantas no perennes,90.64
2013-10-01,A011,Cultivo de plantas no perennes,88.59
2013-11-01,A011,Cultivo de plantas no perennes,91.02
2013-12-01,A011,Cultivo de plantas no perennes,96.6
2014-01-01,A011,Cultivo de plantas no perennes,97.69
2014-02-01,A011,Cultivo de plantas no perennes,96.84
2014-03-01,A011,Cultivo de plantas no perennes,99.68
2014-04-01,A011,Cultivo de plantas no perennes,102.3
2014-05-01,A011,Cultivo de plantas no perennes,88.89
2014-06-01,A011,Cultivo de plantas no perennes,90.99
2014-07-01,A011,Cultivo de plantas no perennes,95.8
2014-08-01,A011,Cultivo de plantas no perennes,98.85
2014-09-01,A011,Cultivo de plantas no perennes,98.23
2014-10-01,A011,Cultivo de plantas no perennes,102.23
2014-11-01,A011,Cultivo de plantas no perennes,103.39
2014-12-01,A011,Cultivo de plantas no perennes,102.95
2015-01-01,A011,Cultivo de plantas no perennes,106.14
2015-02-01,A011,Cultivo de plantas no perennes,103.18
2015-03-01,A011,Cultivo de plantas no perennes,103.73
2015-04-01,A011,Cultivo de plantas no perennes,106.57
2015-05-01,A011,Cultivo de plantas no perennes,99.45
2015-06-01,A011,Cultivo de plantas no perennes,96.99
2015-07-01,A011,Cultivo de plantas no perennes,99.6
2015-08-01,A011,Cultivo de plantas no perennes,104.29
2015-09-01,A011,Cultivo de plantas no perennes,109.61
2015-10-01,A011,Cultivo de plantas no perennes,105.08
2015-11-01,A011,Cultivo de plantas no perennes,104.9
2015-12-01,A011,Cultivo de plantas no perennes,106.22
2016-01-01,A011,Cultivo de plantas no perennes,96.49
2016-02-01,A011,Cultivo de plantas no perennes,97.2
2016-03-01,A011,Cultivo de plantas no perennes,108.09
2016-04-01,A011,Cultivo de plantas no perennes,97.38
2016-05-01,A011,Cultivo de plantas no perennes,93.15
2016-06-01,A011,Cultivo de plantas no perennes,92.6
2016-07-01,A011,Cultivo de plantas no perennes,92.6
2016-08-01,A011,Cultivo de plantas no perennes,91.09
2016-09-01,A011,Cultivo de plantas no perennes,99.44
2016-10-01,A011,Cultivo de plantas no perennes,96.89
2016-11-01,A011,Cultivo de plantas no perennes,92.57
2016-12-01,A011,Cultivo de plantas no perennes,101.14
2017-01-01,A011,Cultivo de plantas no perennes,102.95
2017-02-01,A011,Cultivo de plantas no perennes,97.61
2017-03-01,A011,Cultivo de plantas no perennes,89.01
2017-04-01,A011,Cultivo de plantas no perennes,87.54
2017-05-01,A011,Cultivo de plantas no perennes,85.45
2017-06-01,A011,Cultivo de plantas no perennes,86.15
2017-07-01,A011,Cultivo de plantas no perennes,86.63
2017-08-01,A011,Cultivo de plantas no perennes,87.57
2017-09-01,A011,Cultivo de plantas no perennes,88.36
2017-10-01,A011,Cultivo de plantas no perennes,89.11
2017-11-01,A011,Cultivo de plantas no perennes,86.46
2017-12-01,A011,Cultivo de plantas no perennes,92.09
2018-01-01,A011,Cultivo de plantas no perennes,95.23
2018-02-01,A011,Cultivo de plantas no perennes,92.31
2018-03-01,A011,Cultivo de plantas no perennes,92.5
2018-04-01,A011,Cultivo de plantas no perennes,90.81
2018-05-01,A011,Cultivo de plantas no perennes,84.65
2018-06-01,A011,Cultivo de plantas no perennes,85.13
2018-07-01,A011,Cultivo de plantas no perennes,84.95
2018-08-01,A011,Cultivo de plantas no perennes,86.65
2018-09-01,A011,Cultivo de plantas no perennes,93.24
2018-10-01,A011,Cultivo de plantas no perennes,97.11
2018-11-01,A011,Cultivo de plantas no perennes,90.6
2018-12-01,A011,Cultivo de plantas no perennes,83.39
2019-01-01,A011,Cultivo de plantas no perennes,83.31
2019-02-01,A011,Cultivo de plantas no perennes,82.14
2019-03-01,A011,Cultivo de plantas no perennes,81.59
2019-04-01,A011,Cultivo de plantas no perennes,80.8
2019-05-01,A011,Cultivo de plantas no perennes,85.78
2019-06-01,A011,Cultivo de plantas no perennes,88.02
2019-07-01,A011,Cultivo de plantas no perennes,85.14
2019-08-01,A011,Cultivo de plantas no perennes,90.21
2019-09-01,A011,Cultivo de plantas no perennes,98.42
2019-10-01,A011,Cultivo de plantas no perennes,93.7
2019-11-01,A011,Cultivo de plantas no perennes,87.87
2019-12-01,A011,Cultivo de plantas no perennes,86.21
2020-01-01,A011,Cultivo de plantas no perennes,83.71
2020-02-01,A011,Cultivo de plantas no perennes,84.6
2020-03-01,A011,Cultivo de plantas no perennes,85.31
2020-04-01,A011,Cultivo de plantas no perennes,86.81
2020-05-01,A011,Cultivo de plantas no perennes,87.23
2020-06-01,A011,Cultivo de plantas no perennes,95.3
2020-07-01,A011,Cultivo de plantas no perennes,87.84
2020-08-01,A011,Cultivo de plantas no perennes,87.28
2020-09-01,A011,Cultivo de plantas no perennes,79.07
2020-10-01,A011,Cultivo de plantas no perennes,83.78
2020-11-01,A011,Cultivo de plantas no perennes,82.94
2020-12-01,A011,Cultivo de plantas no perennes,86.2
2021-01-01,A011,Cultivo de plantas no perennes,84.94
2021-02-01,A011,Cultivo de plantas no perennes,82.88
2021-03-01,A011,Cultivo de plantas no perennes,86.69
2021-04-01,A011,Cultivo de plantas no perennes,82.21
2021-05-01,A011,Cultivo de plantas no perennes,80.56
2021-06-01,A011,Cultivo de plantas no perennes,76.58
2021-07-01,A011,Cultivo de plantas no perennes,83.86
2021-08-01,A011,Cultivo de plantas no perennes,79.73
2021-09-01,A011,Cultivo de plantas no perennes,82.22
2021-10-01,A011,Cultivo de plantas no perennes,85.3
2021-11-01,A011,Cultivo de plantas no perennes,84.2
2021-12-01,A011,Cultivo de plantas no perennes,82.6
2022-01-01,A011,Cultivo de plantas no perennes,89.99
2022-02-01,A011,Cultivo de plantas no perennes,98.09
2022-03-01,A011,Cultivo de plantas no perennes,96.35
2022-04-01,A011,Cultivo de plantas no perennes,98.14
2022-05-01,A011,Cultivo de plantas no perennes,95.73
2022-06-01,A011,Cultivo de plantas no perennes,96.03
2022-07-01,A011,Cultivo de plantas no perennes,92.62
2022-08-01,A011,Cultivo de plantas no perennes,88.82
2022-09-01,A011,Cultivo de plantas no perennes,95.14
2022-10-01,A011,Cultivo de plantas no perennes,100.06
2022-11-01,A011,Cultivo de plantas no perennes,95.74
2022-12-01,A011,Cultivo de plantas no perennes,98.76
2023-01-01,A011,Cultivo de plantas no perennes,100.78
2023-02-01,A011,Cultivo de plantas no perennes,97.12
2023-03-01,A011,Cultivo de plantas no perennes,99.0
2023-04-01,A011,Cultivo de plantas no perennes,93.2
2023-05-01,A011,Cultivo de plantas no perennes,91.23
2023-06-01,A011,Cultivo de plantas no perennes,87.77
2023-07-01,A011,Cultivo de plantas no perennes,88.72
2023-08-01,A011,Cultivo de plantas no perennes,94.0
2023-09-01,A011,Cultivo de plantas no perennes,98.67
2023-10-01,A011,Cultivo de plantas no perennes,104.63
2023-11-01,A011,Cultivo de plantas no perennes,109.74
2023-12-01,A011,Cultivo de plantas no perennes,106.89
2024-01-01,A011,Cultivo de plantas no perennes,96.02
2024-02-01,A011,Cultivo de plantas no perennes,94.06
2024-03-01,A011,Cultivo de plantas no perennes,91.69
2024-04-01,A011,Cultivo de plantas no perennes,93.84
2024-05-01,A011,Cultivo de plantas no perennes,98.4
2024-06-01,A011,Cultivo de plantas no perennes,97.35
2024-07-01,A011,Cultivo de plantas no perennes,99.11
2024-08-01,A011,Cultivo de plantas no perennes,100.79
2024-09-01,A011,Cultivo de plantas no perennes,113.77
2024-10-01,A011,Cultivo de plantas no perennes,115.04
2024-11-01,A011,Cultivo de plantas no perennes,114.38
2024-12-01,A011,Cultivo de plantas no perennes,108.55
2025-01-01,A011,Cultivo de plantas no perennes,98.45
2025-02-01,A011,Cultivo de plantas no perennes,97.0
2025-03-01,A011,Cultivo de plantas no perennes,90.04
2025-04-01,A011,Cultivo de plantas no perennes,86.2
2001-01-01,A0127,Cultivo de plantas para bebidas,48.93
2001-02-01,A0127,Cultivo de plantas para bebidas,52.63
2001-03-01,A0127,Cultivo de plantas para bebidas,56.65
2001-04-01,A0127,Cultivo de plantas para bebidas,47.17
2001-05-01,A0127,Cultivo de plantas para bebidas,48.32
2001-06-01,A0127,Cultivo de plantas para bebidas,49.97
2001-07-01,A0127,Cultivo de plantas para bebidas,51.73
2001-08-01,A0127,Cultivo de plantas para bebidas,54.13
2001-09-01,A0127,Cultivo de plantas para bebidas,56.01
2001-10-01,A0127,Cultivo de plantas para bebidas,53.01
2001-11-01,A0127,Cultivo de plantas para bebidas,52.11
2001-12-01,A0127,Cultivo de plantas para bebidas,49.95
2002-01-01,A0127,Cultivo de plantas para bebidas,51.48
2002-02-01,A0127,Cultivo de plantas para bebidas,51.61
2002-03-01,A0127,Cultivo de plantas para bebidas,46.18
2002-04-01,A0127,Cultivo de plantas para bebidas,49.15
2002-05-01,A0127,Cultivo de plantas para bebidas,49.37
2002-06-01,A0127,Cultivo de plantas para bebidas,50.35
2002-07-01,A0127,Cultivo de plantas para bebidas,57.44
2002-08-01,A0127,Cultivo de plantas para bebidas,59.58
2002-09-01,A0127,Cultivo de plantas para bebidas,61.07
2002-10-01,A0127,Cultivo de plantas para bebidas,83.84
2002-11-01,A0127,Cultivo de plantas para bebidas,106.8
2002-12-01,A0127,Cultivo de plantas para bebidas,114.04
2003-01-01,A0127,Cultivo de plantas para bebidas,114.81
2003-02-01,A0127,Cultivo de plantas para bebidas,116.69
2003-03-01,A0127,Cultivo de plantas para bebidas,116.69
2003-04-01,A0127,Cultivo de plantas para bebidas,114.74
2003-05-01,A0127,Cultivo de plantas para bebidas,81.84
2003-06-01,A0127,Cultivo de plantas para bebidas,76.93
2003-07-01,A0127,Cultivo de plantas para bebidas,76.34
2003-08-01,A0127,Cultivo de plantas para bebidas,82.17
2003-09-01,A0127,Cultivo de plantas para bebidas,83.5
2003-10-01,A0127,Cultivo de plantas para bebidas,86.87
2003-11-01,A0127,Cultivo de plantas para bebidas,90.94
2003-12-01,A0127,Cultivo de plantas para bebidas,114.9
2004-01-01,A0127,Cultivo de plantas para bebidas,120.61
2004-02-01,A0127,Cultivo de plantas para bebidas,124.76
2004-03-01,A0127,Cultivo de plantas para bebidas,127.84
2004-04-01,A0127,Cultivo de plantas para bebidas,131.95
2004-05-01,A0127,Cultivo de plantas para bebidas,123.97
2004-06-01,A0127,Cultivo de plantas para bebidas,90.42
2004-07-01,A0127,Cultivo de plantas para bebidas,86.29
2004-08-01,A0127,Cultivo de plantas para bebidas,89.8
2004-09-01,A0127,Cultivo de plantas para bebidas,127.56
2004-10-01,A0127,Cultivo de plantas para bebidas,91.83
2004-11-01,A0127,Cultivo de plantas para bebidas,98.04
2004-12-01,A0127,Cultivo de plantas para bebidas,91.37
2005-01-01,A0127,Cultivo de plantas para bebidas,108.56
2005-02-01,A0127,Cultivo de plantas para bebidas,114.29
2005-03-01,A0127,Cultivo de plantas para bebidas,118.07
2005-04-01,A0127,Cultivo de plantas para bebidas,115.7
2005-05-01,A0127,Cultivo de plantas para bebidas,113.33
2005-06-01,A0127,Cultivo de plantas para bebidas,85.11
2005-07-01,A0127,Cultivo de plantas para bebidas,86.51
2005-08-01,A0127,Cultivo de plantas para bebidas,79.96
2005-09-01,A0127,Cultivo de plantas para bebidas,69.84
2005-10-01,A0127,Cultivo de plantas para bebidas,67.98
2005-11-01,A0127,Cultivo de plantas para bebidas,69.87
2005-12-01,A0127,Cultivo de plantas para bebidas,70.3
2006-01-01,A0127,Cultivo de plantas para bebidas,67.13
2006-02-01,A0127,Cultivo de plantas para bebidas,66.19
2006-03-01,A0127,Cultivo de plantas para bebidas,66.33
2006-04-01,A0127,Cultivo de plantas para bebidas,68.82
2006-05-01,A0127,Cultivo de plantas para bebidas,69.8
2006-06-01,A0127,Cultivo de plantas para bebidas,70.57
2006-07-01,A0127,Cultivo de plantas para bebidas,72.5
2006-08-01,A0127,Cultivo de plantas para bebidas,76.37
2006-09-01,A0127,Cultivo de plantas para bebidas,79.71
2006-10-01,A0127,Cultivo de plantas para bebidas,84.62
2006-11-01,A0127,Cultivo de plantas para bebidas,87.71
2006-12-01,A0127,Cultivo de plantas para bebidas,91.48
2007-01-01,A0127,Cultivo de plantas para bebidas,99.12
2007-02-01,A0127,Cultivo de plantas para bebidas,101.37
2007-03-01,A0127,Cultivo de plantas para bebidas,108.73
2007-04-01,A0127,Cultivo de plantas para bebidas,112.14
2007-05-01,A0127,Cultivo de plantas para bebidas,99.69
2007-06-01,A0127,Cultivo de plantas para bebidas,107.14
2007-07-01,A0127,Cultivo de plantas para bebidas,109.27
2007-08-01,A0127,Cultivo de plantas para bebidas,112.16
2007-09-01,A0127,Cultivo de plantas para bebidas,118.89
2007-10-01,A0127,Cultivo de plantas para bebidas,126.24
2007-11-01,A0127,Cultivo de plantas para bebidas,117.46
2007-12-01,A0127,Cultivo de plantas para bebidas,129.65
2008-01-01,A0127,Cultivo de plantas para bebidas,135.11
2008-02-01,A0127,Cultivo de plantas para bebidas,140.8
2008-03-01,A0127,Cultivo de plantas para bebidas,159.91
2008-04-01,A0127,Cultivo de plantas para bebidas,172.98
2008-05-01,A0127,Cultivo de plantas para bebidas,175.05
2008-06-01,A0127,Cultivo de plantas para bebidas,189.06
2008-07-01,A0127,Cultivo de plantas para bebidas,179.37
2008-08-01,A0127,Cultivo de plantas para bebidas,178.58
2008-09-01,A0127,Cultivo de plantas para bebidas,141.89
2008-10-01,A0127,Cultivo de plantas para bebidas,134.76
2008-11-01,A0127,Cultivo de plantas para bebidas,110.54
2008-12-01,A0127,Cultivo de plantas para bebidas,96.34
2009-01-01,A0127,Cultivo de plantas para bebidas,93.7
2009-02-01,A0127,Cultivo de plantas para bebidas,91.15
2009-03-01,A0127,Cultivo de plantas para bebidas,88.86
2009-04-01,A0127,Cultivo de plantas para bebidas,93.81
2009-05-01,A0127,Cultivo de plantas para bebidas,100.44
2009-06-01,A0127,Cultivo de plantas para bebidas,124.52
2009-07-01,A0127,Cultivo de plantas para bebidas,119.68
2009-08-01,A0127,Cultivo de plantas para bebidas,114.92
2009-09-01,A0127,Cultivo de plantas para bebidas,117.42
2009-10-01,A0127,Cultivo de plantas para bebidas,117.56
2009-11-01,A0127,Cultivo de plantas para bebidas,125.3
2009-12-01,A0127,Cultivo de plantas para bebidas,132.95
2010-01-01,A0127,Cultivo de plantas para bebidas,141.02
2010-02-01,A0127,Cultivo de plantas para bebidas,142.21
2010-03-01,A0127,Cultivo de plantas para bebidas,140.71
2010-04-01,A0127,Cultivo de plantas para bebidas,142.38
2010-05-01,A0127,Cultivo de plantas para bebidas,144.65
2010-06-01,A0127,Cultivo de plantas para bebidas,130.08
2010-07-01,A0127,Cultivo de plantas para bebidas,129.08
2010-08-01,A0127,Cultivo de plantas para bebidas,128.65
2010-09-01,A0127,Cultivo de plantas para bebidas,136.97
2010-10-01,A0127,Cultivo de plantas para bebidas,143.51
2010-11-01,A0127,Cultivo de plantas para bebidas,149.82
2010-12-01,A0127,Cultivo de plantas para bebidas,164.81
2011-01-01,A0127,Cultivo de plantas para bebidas,177.53
2011-02-01,A0127,Cultivo de plantas para bebidas,188.48
2011-03-01,A0127,Cultivo de plantas para bebidas,190.86
2011-04-01,A0127,Cultivo de plantas para bebidas,178.73
2011-05-01,A0127,Cultivo de plantas para bebidas,177.48
2011-06-01,A0127,Cultivo de plantas para bebidas,170.2
2011-07-01,A0127,Cultivo de plantas para bebidas,164.92
2011-08-01,A0127,Cultivo de plantas para bebidas,163.91
2011-09-01,A0127,Cultivo de plantas para bebidas,171.83
2011-10-01,A0127,Cultivo de plantas para bebidas,175.48
2011-11-01,A0127,Cultivo de plantas para bebidas,171.69
2011-12-01,A0127,Cultivo de plantas para bebidas,172.68
2012-01-01,A0127,Cultivo de plantas para bebidas,172.99
2012-02-01,A0127,Cultivo de plantas para bebidas,173.8
2012-03-01,A0127,Cultivo de plantas para bebidas,178.77
2012-04-01,A0127,Cultivo de plantas para bebidas,188.89
2012-05-01,A0127,Cultivo de plantas para bebidas,187.44
2012-06-01,A0127,Cultivo de plantas para bebidas,160.55
2012-07-01,A0127,Cultivo de plantas para bebidas,146.09
2012-08-01,A0127,Cultivo de plantas para bebidas,150.73
2012-09-01,A0127,Cultivo de plantas para bebidas,149.96
2012-10-01,A0127,Cultivo de plantas para bebidas,143.84
2012-11-01,A0127,Cultivo de plantas para bebidas,141.03
2012-12-01,A0127,Cultivo de plantas para bebidas,128.71
2013-01-01,A0127,Cultivo de plantas para bebidas,131.56
2013-02-01,A0127,Cultivo de plantas para bebidas,134.85
2013-03-01,A0127,Cultivo de plantas para bebidas,139.38
2013-04-01,A0127,Cultivo de plantas para bebidas,146.3
2013-05-01,A0127,Cultivo de plantas para bebidas,133.69
2013-06-01,A0127,Cultivo de plantas para bebidas,131.54
2013-07-01,A0127,Cultivo de plantas para bebidas,123.43
2013-08-01,A0127,Cultivo de plantas para bebidas,119.91
2013-09-01,A0127,Cultivo de plantas para bebidas,132.71
2013-10-01,A0127,Cultivo de plantas para bebidas,139.08
2013-11-01,A0127,Cultivo de plantas para bebidas,149.39
2013-12-01,A0127,Cultivo de plantas para bebidas,150.55
2014-01-01,A0127,Cultivo de plantas para bebidas,152.36
2014-02-01,A0127,Cultivo de plantas para bebidas,153.23
2014-03-01,A0127,Cultivo de plantas para bebidas,157.45
2014-04-01,A0127,Cultivo de plantas para bebidas,161.57
2014-05-01,A0127,Cultivo de plantas para bebidas,162.41
2014-06-01,A0127,Cultivo de plantas para bebidas,148.64
2014-07-01,A0127,Cultivo de plantas para bebidas,138.67
2014-08-01,A0127,Cultivo de plantas para bebidas,140.32
2014-09-01,A0127,Cultivo de plantas para bebidas,134.44
2014-10-01,A0127,Cultivo de plantas para bebidas,130.04
2014-11-01,A0127,Cultivo de plantas para bebidas,137.34
2014-12-01,A0127,Cultivo de plantas para bebidas,136.99
2015-01-01,A0127,Cultivo de plantas para bebidas,127.93
2015-02-01,A0127,Cultivo de plantas para bebidas,120.12
2015-03-01,A0127,Cultivo de plantas para bebidas,116.48
2015-04-01,A0127,Cultivo de plantas para bebidas,117.01
2015-05-01,A0127,Cultivo de plantas para bebidas,116.72
2015-06-01,A0127,Cultivo de plantas para bebidas,113.62
2015-07-01,A0127,Cultivo de plantas para bebidas,108.21
2015-08-01,A0127,Cultivo de plantas para bebidas,96.91
2015-09-01,A0127,Cultivo de plantas para bebidas,93.67
2015-10-01,A0127,Cultivo de plantas para bebidas,105.51
2015-11-01,A0127,Cultivo de plantas para bebidas,109.52
2015-12-01,A0127,Cultivo de plantas para bebidas,109.66
2016-01-01,A0127,Cultivo de plantas para bebidas,112.75
2016-02-01,A0127,Cultivo de plantas para bebidas,92.54
2016-03-01,A0127,Cultivo de plantas para bebidas,94.31
2016-04-01,A0127,Cultivo de plantas para bebidas,93.48
2016-05-01,A0127,Cultivo de plantas para bebidas,98.73
2016-06-01,A0127,Cultivo de plantas para bebidas,98.52
2016-07-01,A0127,Cultivo de plantas para bebidas,103.57
2016-08-01,A0127,Cultivo de plantas para bebidas,109.36
2016-09-01,A0127,Cultivo de plantas para bebidas,106.84
2016-10-01,A0127,Cultivo de plantas para bebidas,99.67
2016-11-01,A0127,Cultivo de plantas para bebidas,96.6
2016-12-01,A0127,Cultivo de plantas para bebidas,98.73
2017-01-01,A0127,Cultivo de plantas para bebidas,99.12
2017-02-01,A0127,Cultivo de plantas para bebidas,97.45
2017-03-01,A0127,Cultivo de plantas para bebidas,96.26
2017-04-01,A0127,Cultivo de plantas para bebidas,100.54
2017-05-01,A0127,Cultivo de plantas para bebidas,99.4
2017-06-01,A0127,Cultivo de plantas para bebidas,100.31
2017-07-01,A0127,Cultivo de plantas para bebidas,101.97
2017-08-01,A0127,Cultivo de plantas para bebidas,111.41
2017-09-01,A0127,Cultivo de plantas para bebidas,111.26
2017-10-01,A0127,Cultivo de plantas para bebidas,108.56
2017-11-01,A0127,Cultivo de plantas para bebidas,110.94
2017-12-01,A0127,Cultivo de plantas para bebidas,108.32
2018-01-01,A0127,Cultivo de plantas para bebidas,108.15
2018-02-01,A0127,Cultivo de plantas para bebidas,110.36
2018-03-01,A0127,Cultivo de plantas para bebidas,112.9
2018-04-01,A0127,Cultivo de plantas para bebidas,114.0
2018-05-01,A0127,Cultivo de plantas para bebidas,120.37
2018-06-01,A0127,Cultivo de plantas para bebidas,115.31
2018-07-01,A0127,Cultivo de plantas para bebidas,115.51
2018-08-01,A0127,Cultivo de plantas para bebidas,112.87
2018-09-01,A0127,Cultivo de plantas para bebidas,115.27
2018-10-01,A0127,Cultivo de plantas para bebidas,111.47
2018-11-01,A0127,Cultivo de plantas para bebidas,114.1
2018-12-01,A0127,Cultivo de plantas para bebidas,113.29
2019-01-01,A0127,Cultivo de plantas para bebidas,115.17
2019-02-01,A0127,Cultivo de plantas para bebidas,114.64
2019-03-01,A0127,Cultivo de plantas para bebidas,114.41
2019-04-01,A0127,Cultivo de plantas para bebidas,115.65
2019-05-01,A0127,Cultivo de plantas para bebidas,116.32
2019-06-01,A0127,Cultivo de plantas para bebidas,116.63
2019-07-01,A0127,Cultivo de plantas para bebidas,115.43
2019-08-01,A0127,Cultivo de plantas para bebidas,117.45
2019-09-01,A0127,Cultivo de plantas para bebidas,115.05
2019-10-01,A0127,Cultivo de plantas para bebidas,116.1
2019-11-01,A0127,Cultivo de plantas para bebidas,114.43
2019-12-01,A0127,Cultivo de plantas para bebidas,133.78
2020-01-01,A0127,Cultivo de plantas para bebidas,133.62
2020-02-01,A0127,Cultivo de plantas para bebidas,136.91
2020-03-01,A0127,Cultivo de plantas para bebidas,134.31
2020-04-01,A0127,Cultivo de plantas para bebidas,125.76
2020-05-01,A0127,Cultivo de plantas para bebidas,128.3
2020-06-01,A0127,Cultivo de plantas para bebidas,128.85
2020-07-01,A0127,Cultivo de plantas para bebidas,128.31
2020-08-01,A0127,Cultivo de plantas para bebidas,128.76
2020-09-01,A0127,Cultivo de plantas para bebidas,132.33
2020-10-01,A0127,Cultivo de plantas para bebidas,126.37
2020-11-01,A0127,Cultivo de plantas para bebidas,126.05
2020-12-01,A0127,Cultivo de plantas para bebidas,128.04
2021-01-01,A0127,Cultivo de plantas para bebidas,127.79
2021-02-01,A0127,Cultivo de plantas para bebidas,126.58
2021-03-01,A0127,Cultivo de plantas para bebidas,127.09
2021-04-01,A0127,Cultivo de plantas para bebidas,125.88
2021-05-01,A0127,Cultivo de plantas para bebidas,125.15
2021-06-01,A0127,Cultivo de plantas para bebidas,124.96
2021-07-01,A0127,Cultivo de plantas para bebidas,124.79
2021-08-01,A0127,Cultivo de plantas para bebidas,137.57
2021-09-01,A0127,Cultivo de plantas para bebidas,141.07
2021-10-01,A0127,Cultivo de plantas para bebidas,141.02
2021-11-01,A0127,Cultivo de plantas para bebidas,137.26
2021-12-01,A0127,Cultivo de plantas para bebidas,135.7
2022-01-01,A0127,Cultivo de plantas para bebidas,142.21
2022-02-01,A0127,Cultivo de plantas para bebidas,146.43
2022-03-01,A0127,Cultivo de plantas para bebidas,145.98
2022-04-01,A0127,Cultivo de plantas para bebidas,145.7
2022-05-01,A0127,Cultivo de plantas para bebidas,145.65
2022-06-01,A0127,Cultivo de plantas para bebidas,147.71
2022-07-01,A0127,Cultivo de plantas para bebidas,148.39
2022-08-01,A0127,Cultivo de plantas para bebidas,163.0
2022-09-01,A0127,Cultivo de plantas para bebidas,172.91
2022-10-01,A0127,Cultivo de plantas para bebidas,172.31
2022-11-01,A0127,Cultivo de plantas para bebidas,170.79
2022-12-01,A0127,Cultivo de plantas para bebidas,165.65
2023-01-01,A0127,Cultivo de plantas para bebidas,168.03
2023-02-01,A0127,Cultivo de plantas para bebidas,169.05
2023-03-01,A0127,Cultivo de plantas para bebidas,169.95
2023-04-01,A0127,Cultivo de plantas para bebidas,173.45
2023-05-01,A0127,Cultivo de plantas para bebidas,196.49
2023-06-01,A0127,Cultivo de plantas para bebidas,188.79
2023-07-01,A0127,Cultivo de plantas para bebidas,182.59
2023-08-01,A0127,Cultivo de plantas para bebidas,186.54
2023-09-01,A0127,Cultivo de plantas para bebidas,190.35
2023-10-01,A0127,Cultivo de plantas para bebidas,180.75
2023-11-01,A0127,Cultivo de plantas para bebidas,182.28
2023-12-01,A0127,Cultivo de plantas para bebidas,185.26
2024-01-01,A0127,Cultivo de plantas para bebidas,193.05
2024-02-01,A0127,Cultivo de plantas para bebidas,217.98
2024-03-01,A0127,Cultivo de plantas para bebidas,247.11
2024-04-01,A0127,Cultivo de plantas para bebidas,284.24
2024-05-01,A0127,Cultivo de plantas para bebidas,272.89
2024-06-01,A0127,Cultivo de plantas para bebidas,276.18
2024-07-01,A0127,Cultivo de plantas para bebidas,259.17
2024-08-01,A0127,Cultivo de plantas para bebidas,269.85
2024-09-01,A0127,Cultivo de plantas para bebidas,274.96
2024-10-01,A0127,Cultivo de plantas para bebidas,270.89
2024-11-01,A0127,Cultivo de plantas para bebidas,260.86
2024-12-01,A0127,Cultivo de plantas para bebidas,277.4
2025-01-01,A0127,Cultivo de plantas para bebidas,316.94
2025-02-01,A0127,Cultivo de plantas para bebidas,297.02
2025-03-01,A0127,Cultivo de plantas para bebidas,312.6
2025-04-01,A0127,Cultivo de plantas para bebidas,316.84
2001-01-01,C1073,Elaboracion de cacao y chocolate,49.4
2001-02-01,C1073,Elaboracion de cacao y chocolate,49.08
2001-03-01,C1073,Elaboracion de cacao y chocolate,49.69
2001-04-01,C1073,Elaboracion de cacao y chocolate,50.21
2001-05-01,C1073,Elaboracion de cacao y chocolate,50.29
2001-06-01,C1073,Elaboracion de cacao y chocolate,50.96
2001-07-01,C1073,Elaboracion de cacao y chocolate,51.01
2001-08-01,C1073,Elaboracion de cacao y chocolate,51.01
2001-09-01,C1073,Elaboracion de cacao y chocolate,51.04
2001-10-01,C1073,Elaboracion de cacao y chocolate,51.18
2001-11-01,C1073,Elaboracion de cacao y chocolate,51.26
2001-12-01,C1073,Elaboracion de cacao y chocolate,53.21
2002-01-01,C1073,Elaboracion de cacao y chocolate,54.16
2002-02-01,C1073,Elaboracion de cacao y chocolate,54.28
2002-03-01,C1073,Elaboracion de cacao y chocolate,54.28
2002-04-01,C1073,Elaboracion de cacao y chocolate,54.32
2002-05-01,C1073,Elaboracion de cacao y chocolate,55.09
2002-06-01,C1073,Elaboracion de cacao y chocolate,55.06
2002-07-01,C1073,Elaboracion de cacao y chocolate,55.04
2002-08-01,C1073,Elaboracion de cacao y chocolate,54.97
2002-09-01,C1073,Elaboracion de cacao y chocolate,55.79
2002-10-01,C1073,Elaboracion de cacao y chocolate,55.78
2002-11-01,C1073,Elaboracion de cacao y chocolate,56.69
2002-12-01,C1073,Elaboracion de cacao y chocolate,56.77
2003-01-01,C1073,Elaboracion de cacao y chocolate,56.77
2003-02-01,C1073,Elaboracion de cacao y chocolate,56.76
2003-03-01,C1073,Elaboracion de cacao y chocolate,56.69
2003-04-01,C1073,Elaboracion de cacao y chocolate,58.43
2003-05-01,C1073,Elaboracion de cacao y chocolate,58.44
2003-06-01,C1073,Elaboracion de cacao y chocolate,58.32
2003-07-01,C1073,Elaboracion de cacao y chocolate,58.11
2003-08-01,C1073,Elaboracion de cacao y chocolate,56.71
2003-09-01,C1073,Elaboracion de cacao y chocolate,56.93
2003-10-01,C1073,Elaboracion de cacao y chocolate,57.08
2003-11-01,C1073,Elaboracion de cacao y chocolate,57.08
2003-12-01,C1073,Elaboracion de cacao y chocolate,57.12
2004-01-01,C1073,Elaboracion de cacao y chocolate,56.28
2004-02-01,C1073,Elaboracion de cacao y chocolate,55.27
2004-03-01,C1073,Elaboracion de cacao y chocolate,55.17
2004-04-01,C1073,Elaboracion de cacao y chocolate,55.17
2004-05-01,C1073,Elaboracion de cacao y chocolate,55.14
2004-06-01,C1073,Elaboracion de cacao y chocolate,55.32
2004-07-01,C1073,Elaboracion de cacao y chocolate,55.16
2004-08-01,C1073,Elaboracion de cacao y chocolate,55.94
2004-09-01,C1073,Elaboracion de cacao y chocolate,55.95
2004-10-01,C1073,Elaboracion de cacao y chocolate,55.99
2004-11-01,C1073,Elaboracion de cacao y chocolate,55.95
2004-12-01,C1073,Elaboracion de cacao y chocolate,55.94
2005-01-01,C1073,Elaboracion de cacao y chocolate,56.86
2005-02-01,C1073,Elaboracion de cacao y chocolate,56.91
2005-03-01,C1073,Elaboracion de cacao y chocolate,56.97
2005-04-01,C1073,Elaboracion de cacao y chocolate,57.04
2005-05-01,C1073,Elaboracion de cacao y chocolate,57.01
2005-06-01,C1073,Elaboracion de cacao y chocolate,57.33
2005-07-01,C1073,Elaboracion de cacao y chocolate,57.66
2005-08-01,C1073,Elaboracion de cacao y chocolate,57.66
2005-09-01,C1073,Elaboracion de cacao y chocolate,57.66
2005-10-01,C1073,Elaboracion de cacao y chocolate,57.67
2005-11-01,C1073,Elaboracion de cacao y chocolate,57.63
2005-12-01,C1073,Elaboracion de cacao y chocolate,57.58
2006-01-01,C1073,Elaboracion de cacao y chocolate,59.52
2006-02-01,C1073,Elaboracion de cacao y chocolate,60.62
2006-03-01,C1073,Elaboracion de cacao y chocolate,60.65
2006-04-01,C1073,Elaboracion de cacao y chocolate,60.95
2006-05-01,C1073,Elaboracion de cacao y chocolate,63.05
2006-06-01,C1073,Elaboracion de cacao y chocolate,64.16
2006-07-01,C1073,Elaboracion de cacao y chocolate,65.18
2006-08-01,C1073,Elaboracion de cacao y chocolate,65.17
2006-09-01,C1073,Elaboracion de cacao y chocolate,65.89
2006-10-01,C1073,Elaboracion de cacao y chocolate,65.95
2006-11-01,C1073,Elaboracion de cacao y chocolate,65.95
2006-12-01,C1073,Elaboracion de cacao y chocolate,66.03
2007-01-01,C1073,Elaboracion de cacao y chocolate,66.03
2007-02-01,C1073,Elaboracion de cacao y chocolate,65.73
2007-03-01,C1073,Elaboracion de cacao y chocolate,65.64
2007-04-01,C1073,Elaboracion de cacao y chocolate,65.7
2007-05-01,C1073,Elaboracion de cacao y chocolate,65.77
2007-06-01,C1073,Elaboracion de cacao y chocolate,65.77
2007-07-01,C1073,Elaboracion de cacao y chocolate,65.64
2007-08-01,C1073,Elaboracion de cacao y chocolate,65.61
2007-09-01,C1073,Elaboracion de cacao y chocolate,65.61
2007-10-01,C1073,Elaboracion de cacao y chocolate,66.2
2007-11-01,C1073,Elaboracion de cacao y chocolate,66.05
2007-12-01,C1073,Elaboracion de cacao y chocolate,66.05
2008-01-01,C1073,Elaboracion de cacao y chocolate,65.86
2008-02-01,C1073,Elaboracion de cacao y chocolate,65.75
2008-03-01,C1073,Elaboracion de cacao y chocolate,66.62
2008-04-01,C1073,Elaboracion de cacao y chocolate,66.76
2008-05-01,C1073,Elaboracion de cacao y chocolate,66.74
2008-06-01,C1073,Elaboracion de cacao y chocolate,68.11
2008-07-01,C1073,Elaboracion de cacao y chocolate,73.95
2008-08-01,C1073,Elaboracion de cacao y chocolate,73.93
2008-09-01,C1073,Elaboracion de cacao y chocolate,73.76
2008-10-01,C1073,Elaboracion de cacao y chocolate,73.76
2008-11-01,C1073,Elaboracion de cacao y chocolate,73.76
2008-12-01,C1073,Elaboracion de cacao y chocolate,73.76
2009-01-01,C1073,Elaboracion de cacao y chocolate,73.87
2009-02-01,C1073,Elaboracion de cacao y chocolate,73.76
2009-03-01,C1073,Elaboracion de cacao y chocolate,73.81
2009-04-01,C1073,Elaboracion de cacao y chocolate,74.54
2009-05-01,C1073,Elaboracion de cacao y chocolate,74.05
2009-06-01,C1073,Elaboracion de cacao y chocolate,74.05
2009-07-01,C1073,Elaboracion de cacao y chocolate,73.97
2009-08-01,C1073,Elaboracion de cacao y chocolate,73.97
2009-09-01,C1073,Elaboracion de cacao y chocolate,73.97
2009-10-01,C1073,Elaboracion de cacao y chocolate,73.89
2009-11-01,C1073,Elaboracion de cacao y chocolate,74.19
2009-12-01,C1073,Elaboracion de cacao y chocolate,78.27
2010-01-01,C1073,Elaboracion de cacao y chocolate,78.7
2010-02-01,C1073,Elaboracion de cacao y chocolate,78.99
2010-03-01,C1073,Elaboracion de cacao y chocolate,79.9
2010-04-01,C1073,Elaboracion de cacao y chocolate,79.9
2010-05-01,C1073,Elaboracion de cacao y chocolate,80.41
2010-06-01,C1073,Elaboracion de cacao y chocolate,80.64
2010-07-01,C1073,Elaboracion de cacao y chocolate,80.64
2010-08-01,C1073,Elaboracion de cacao y chocolate,86.66
2010-09-01,C1073,Elaboracion de cacao y chocolate,87.02
2010-10-01,C1073,Elaboracion de cacao y chocolate,88.05
2010-11-01,C1073,Elaboracion de cacao y chocolate,89.86
2010-12-01,C1073,Elaboracion de cacao y chocolate,91.57
2011-01-01,C1073,Elaboracion de cacao y chocolate,94.29
2011-02-01,C1073,Elaboracion de cacao y chocolate,94.98
2011-03-01,C1073,Elaboracion de cacao y chocolate,94.98
2011-04-01,C1073,Elaboracion de cacao y chocolate,95.55
2011-05-01,C1073,Elaboracion de cacao y chocolate,95.55
2011-06-01,C1073,Elaboracion de cacao y chocolate,95.59
2011-07-01,C1073,Elaboracion de cacao y chocolate,96.79
2011-08-01,C1073,Elaboracion de cacao y chocolate,98.15
2011-09-01,C1073,Elaboracion de cacao y chocolate,98.28
2011-10-01,C1073,Elaboracion de cacao y chocolate,98.33
2011-11-01,C1073,Elaboracion de cacao y chocolate,98.36
2011-12-01,C1073,Elaboracion de cacao y chocolate,99.96
2012-01-01,C1073,Elaboracion de cacao y chocolate,100.39
2012-02-01,C1073,Elaboracion de cacao y chocolate,100.34
2012-03-01,C1073,Elaboracion de cacao y chocolate,100.19
2012-04-01,C1073,Elaboracion de cacao y chocolate,100.15
2012-05-01,C1073,Elaboracion de cacao y chocolate,100.15
2012-06-01,C1073,Elaboracion de cacao y chocolate,100.27
2012-07-01,C1073,Elaboracion de cacao y chocolate,100.91
2012-08-01,C1073,Elaboracion de cacao y chocolate,101.64
2012-09-01,C1073,Elaboracion de cacao y chocolate,101.58
2012-10-01,C1073,Elaboracion de cacao y chocolate,101.34
2012-11-01,C1073,Elaboracion de cacao y chocolate,101.3
2012-12-01,C1073,Elaboracion de cacao y chocolate,101.05
2013-01-01,C1073,Elaboracion de cacao y chocolate,101.3
2013-02-01,C1073,Elaboracion de cacao y chocolate,101.3
2013-03-01,C1073,Elaboracion de cacao y chocolate,101.5
2013-04-01,C1073,Elaboracion de cacao y chocolate,101.7
2013-05-01,C1073,Elaboracion de cacao y chocolate,101.95
2013-06-01,C1073,Elaboracion de cacao y chocolate,101.87
2013-07-01,C1073,Elaboracion de cacao y chocolate,101.59
2013-08-01,C1073,Elaboracion de cacao y chocolate,100.41
2013-09-01,C1073,Elaboracion de cacao y chocolate,99.24
2013-10-01,C1073,Elaboracion de cacao y chocolate,99.02
2013-11-01,C1073,Elaboracion de cacao y chocolate,98.94
2013-12-01,C1073,Elaboracion de cacao y chocolate,98.78
2014-01-01,C1073,Elaboracion de cacao y chocolate,99.31
2014-02-01,C1073,Elaboracion de cacao y chocolate,99.39
2014-03-01,C1073,Elaboracion de cacao y chocolate,99.31
2014-04-01,C1073,Elaboracion de cacao y chocolate,99.39
2014-05-01,C1073,Elaboracion de cacao y chocolate,99.68
2014-06-01,C1073,Elaboracion de cacao y chocolate,100.57
2014-07-01,C1073,Elaboracion de cacao y chocolate,100.53
2014-08-01,C1073,Elaboracion de cacao y chocolate,100.81
2014-09-01,C1073,Elaboracion de cacao y chocolate,100.81
2014-10-01,C1073,Elaboracion de cacao y chocolate,100.81
2014-11-01,C1073,Elaboracion de cacao y chocolate,100.81
2014-12-01,C1073,Elaboracion de cacao y chocolate,100.69
2015-01-01,C1073,Elaboracion de cacao y chocolate,100.69
2015-02-01,C1073,Elaboracion de cacao y chocolate,100.69
2015-03-01,C1073,Elaboracion de cacao y chocolate,100.53
2015-04-01,C1073,Elaboracion de cacao y chocolate,100.53
2015-05-01,C1073,Elaboracion de cacao y chocolate,100.69
2015-06-01,C1073,Elaboracion de cacao y chocolate,101.41
2015-07-01,C1073,Elaboracion de cacao y chocolate,101.38
2015-08-01,C1073,Elaboracion de cacao y chocolate,101.38
2015-09-01,C1073,Elaboracion de cacao y chocolate,101.36
2015-10-01,C1073,Elaboracion de cacao y chocolate,101.36
2015-11-01,C1073,Elaboracion de cacao y chocolate,101.37
2015-12-01,C1073,Elaboracion de cacao y chocolate,101.38
2016-01-01,C1073,Elaboracion de cacao y chocolate,101.38
2016-02-01,C1073,Elaboracion de cacao y chocolate,101.32
2016-03-01,C1073,Elaboracion de cacao y chocolate,101.32
2016-04-01,C1073,Elaboracion de cacao y chocolate,101.32
2016-05-01,C1073,Elaboracion de cacao y chocolate,101.32
2016-06-01,C1073,Elaboracion de cacao y chocolate,98.45
2016-07-01,C1073,Elaboracion de cacao y chocolate,98.45
2016-08-01,C1073,Elaboracion de cacao y chocolate,98.45
2016-09-01,C1073,Elaboracion de cacao y chocolate,98.45
2016-10-01,C1073,Elaboracion de cacao y chocolate,98.45
2016-11-01,C1073,Elaboracion de cacao y chocolate,98.45
2016-12-01,C1073,Elaboracion de cacao y chocolate,98.45
2017-01-01,C1073,Elaboracion de cacao y chocolate,98.86
2017-02-01,C1073,Elaboracion de cacao y chocolate,98.86
2017-03-01,C1073,Elaboracion de cacao y chocolate,101.31
2017-04-01,C1073,Elaboracion de cacao y chocolate,101.31
2017-05-01,C1073,Elaboracion de cacao y chocolate,98.67
2017-06-01,C1073,Elaboracion de cacao y chocolate,98.67
2017-07-01,C1073,Elaboracion de cacao y chocolate,98.55
2017-08-01,C1073,Elaboracion de cacao y chocolate,98.96
2017-09-01,C1073,Elaboracion de cacao y chocolate,99.25
2017-10-01,C1073,Elaboracion de cacao y chocolate,98.96
2017-11-01,C1073,Elaboracion de cacao y chocolate,98.96
2017-12-01,C1073,Elaboracion de cacao y chocolate,98.96
2018-01-01,C1073,Elaboracion de cacao y chocolate,98.96
2018-02-01,C1073,Elaboracion de cacao y chocolate,97.97
2018-03-01,C1073,Elaboracion de cacao y chocolate,97.97
2018-04-01,C1073,Elaboracion de cacao y chocolate,96.7
2018-05-01,C1073,Elaboracion de cacao y chocolate,98.98
2018-06-01,C1073,Elaboracion de cacao y chocolate,100.61
2018-07-01,C1073,Elaboracion de cacao y chocolate,100.73
2018-08-01,C1073,Elaboracion de cacao y chocolate,101.17
2018-09-01,C1073,Elaboracion de cacao y chocolate,100.29
2018-10-01,C1073,Elaboracion de cacao y chocolate,99.81
2018-11-01,C1073,Elaboracion de cacao y chocolate,99.81
2018-12-01,C1073,Elaboracion de cacao y chocolate,100.59
2019-01-01,C1073,Elaboracion de cacao y chocolate,96.08
2019-02-01,C1073,Elaboracion de cacao y chocolate,96.08
2019-03-01,C1073,Elaboracion de cacao y chocolate,96.08
2019-04-01,C1073,Elaboracion de cacao y chocolate,96.08
2019-05-01,C1073,Elaboracion de cacao y chocolate,96.08
2019-06-01,C1073,Elaboracion de cacao y chocolate,96.08
2019-07-01,C1073,Elaboracion de cacao y chocolate,96.08
2019-08-01,C1073,Elaboracion de cacao y chocolate,95.71
2019-09-01,C1073,Elaboracion de cacao y chocolate,95.71
2019-10-01,C1073,Elaboracion de cacao y chocolate,97.27
2019-11-01,C1073,Elaboracion de cacao y chocolate,97.27
2019-12-01,C1073,Elaboracion de cacao y chocolate,97.27
2020-01-01,C1073,Elaboracion de cacao y chocolate,98.02
2020-02-01,C1073,Elaboracion de cacao y chocolate,98.01
2020-03-01,C1073,Elaboracion de cacao y chocolate,98.12
2020-04-01,C1073,Elaboracion de cacao y chocolate,98.12
2020-05-01,C1073,Elaboracion de cacao y chocolate,97.75
2020-06-01,C1073,Elaboracion de cacao y chocolate,97.75
2020-07-01,C1073,Elaboracion de cacao y chocolate,97.75
2020-08-01,C1073,Elaboracion de cacao y chocolate,97.16
2020-09-01,C1073,Elaboracion de cacao y chocolate,97.16
2020-10-01,C1073,Elaboracion de cacao y chocolate,97.16
2020-11-01,C1073,Elaboracion de cacao y chocolate,97.16
2020-12-01,C1073,Elaboracion de cacao y chocolate,99.12
2021-01-01,C1073,Elaboracion de cacao y chocolate,99.12
2021-02-01,C1073,Elaboracion de cacao y chocolate,99.27
2021-03-01,C1073,Elaboracion de cacao y chocolate,99.27
2021-04-01,C1073,Elaboracion de cacao y chocolate,99.27
2021-05-01,C1073,Elaboracion de cacao y chocolate,103.75
2021-06-01,C1073,Elaboracion de cacao y chocolate,103.23
2021-07-01,C1073,Elaboracion de cacao y chocolate,104.79
2021-08-01,C1073,Elaboracion de cacao y chocolate,102.6
2021-09-01,C1073,Elaboracion de cacao y chocolate,103.52
2021-10-01,C1073,Elaboracion de cacao y chocolate,103.17
2021-11-01,C1073,Elaboracion de cacao y chocolate,105.19
2021-12-01,C1073,Elaboracion de cacao y chocolate,105.19
2022-01-01,C1073,Elaboracion de cacao y chocolate,104.82
2022-02-01,C1073,Elaboracion de cacao y chocolate,106.85
2022-03-01,C1073,Elaboracion de cacao y chocolate,107.31
2022-04-01,C1073,Elaboracion de cacao y chocolate,107.18
2022-05-01,C1073,Elaboracion de cacao y chocolate,107.55
2022-06-01,C1073,Elaboracion de cacao y chocolate,107.87
2022-07-01,C1073,Elaboracion de cacao y chocolate,108.83
2022-08-01,C1073,Elaboracion de cacao y chocolate,108.76
2022-09-01,C1073,Elaboracion de cacao y chocolate,108.72
2022-10-01,C1073,Elaboracion de cacao y chocolate,108.8
2022-11-01,C1073,Elaboracion de cacao y chocolate,108.8
2022-12-01,C1073,Elaboracion de cacao y chocolate,108.74
2023-01-01,C1073,Elaboracion de cacao y chocolate,110.75
2023-02-01,C1073,Elaboracion de cacao y chocolate,111.64
2023-03-01,C1073,Elaboracion de cacao y chocolate,111.64
2023-04-01,C1073,Elaboracion de cacao y chocolate,111.6
2023-05-01,C1073,Elaboracion de cacao y chocolate,111.6
2023-06-01,C1073,Elaboracion de cacao y chocolate,111.64
2023-07-01,C1073,Elaboracion de cacao y chocolate,112.1
2023-08-01,C1073,Elaboracion de cacao y chocolate,112.79
2023-09-01,C1073,Elaboracion de cacao y chocolate,112.67
2023-10-01,C1073,Elaboracion de cacao y chocolate,112.67
2023-11-01,C1073,Elaboracion de cacao y chocolate,113.74
2023-12-01,C1073,Elaboracion de cacao y chocolate,114.33
2024-01-01,C1073,Elaboracion de cacao y chocolate,114.83
2024-02-01,C1073,Elaboracion de cacao y chocolate,115.53
2024-03-01,C1073,Elaboracion de cacao y chocolate,150.57
2024-04-01,C1073,Elaboracion de cacao y chocolate,175.66
2024-05-01,C1073,Elaboracion de cacao y chocolate,264.77
2024-06-01,C1073,Elaboracion de cacao y chocolate,260.75
2024-07-01,C1073,Elaboracion de cacao y chocolate,260.6
2024-08-01,C1073,Elaboracion de cacao y chocolate,256.84
2024-09-01,C1073,Elaboracion de cacao y chocolate,260.35
2024-10-01,C1073,Elaboracion de cacao y chocolate,249.53
2024-11-01,C1073,Elaboracion de cacao y chocolate,249.53
2024-12-01,C1073,Elaboracion de cacao y chocolate,253.83
2025-01-01,C1073,Elaboracion de cacao y chocolate,253.83
2025-02-01,C1073,Elaboracion de cacao y chocolate,252.81
2025-03-01,C1073,Elaboracion de cacao y chocolate,252.81
2025-04-01,C1073,Elaboracion de cacao y chocolate,245.11
2001-01-01,C29,Fabricacion de vehiculos automotores,74.13
2001-02-01,C29,Fabricacion de vehiculos automotores,74.2
2001-03-01,C29,Fabricacion de vehiculos automotores,74.23
2001-04-01,C29,Fabricacion de vehiculos automotores,74.04
2001-05-01,C29,Fabricacion de vehiculos automotores,73.91
2001-06-01,C29,Fabricacion de vehiculos automotores,73.93
2001-07-01,C29,Fabricacion de vehiculos automotores,73.96
2001-08-01,C29,Fabricacion de vehiculos automotores,73.83
2001-09-01,C29,Fabricacion de vehiculos automotores,74.11
2001-10-01,C29,Fabricacion de vehiculos automotores,74.11
2001-11-01,C29,Fabricacion de vehiculos automotores,74.13
2001-12-01,C29,Fabricacion de vehiculos automotores,73.38
2002-01-01,C29,Fabricacion de vehiculos automotores,73.46
2002-02-01,C29,Fabricacion de vehiculos automotores,73.47
2002-03-01,C29,Fabricacion de vehiculos automotores,73.47
2002-04-01,C29,Fabricacion de vehiculos automotores,73.57
2002-05-01,C29,Fabricacion de vehiculos automotores,73.59
2002-06-01,C29,Fabricacion de vehiculos automotores,73.44
2002-07-01,C29,Fabricacion de vehiculos automotores,73.45
2002-08-01,C29,Fabricacion de vehiculos automotores,73.8
2002-09-01,C29,Fabricacion de vehiculos automotores,73.8
2002-10-01,C29,Fabricacion de vehiculos automotores,73.8
2002-11-01,C29,Fabricacion de vehiculos automotores,73.49
2002-12-01,C29,Fabricacion de vehiculos automotores,73.48
2003-01-01,C29,Fabricacion de vehiculos automotores,73.46
2003-02-01,C29,Fabricacion de vehiculos automotores,74.2
2003-03-01,C29,Fabricacion de vehiculos automotores,74.21
2003-04-01,C29,Fabricacion de vehiculos automotores,74.56
2003-05-01,C29,Fabricacion de vehiculos automotores,74.55
2003-06-01,C29,Fabricacion de vehiculos automotores,74.52
2003-07-01,C29,Fabricacion de vehiculos automotores,74.52
2003-08-01,C29,Fabricacion de vehiculos automotores,74.52
2003-09-01,C29,Fabricacion de vehiculos automotores,74.51
2003-10-01,C29,Fabricacion de vehiculos automotores,74.44
2003-11-01,C29,Fabricacion de vehiculos automotores,74.95
2003-12-01,C29,Fabricacion de vehiculos automotores,74.95
2004-01-01,C29,Fabricacion de vehiculos automotores,74.95
2004-02-01,C29,Fabricacion de vehiculos automotores,75.35
2004-03-01,C29,Fabricacion de vehiculos automotores,77.08
2004-04-01,C29,Fabricacion de vehiculos automotores,77.04
2004-05-01,C29,Fabricacion de vehiculos automotores,77.07
2004-06-01,C29,Fabricacion de vehiculos automotores,77.28
2004-07-01,C29,Fabricacion de vehiculos automotores,77.2
2004-08-01,C29,Fabricacion de vehiculos automotores,77.96
2004-09-01,C29,Fabricacion de vehiculos automotores,78.02
2004-10-01,C29,Fabricacion de vehiculos automotores,78.2
2004-11-01,C29,Fabricacion de vehiculos automotores,78.1
2004-12-01,C29,Fabricacion de vehiculos automotores,78.33
2005-01-01,C29,Fabricacion de vehiculos automotores,78.61
2005-02-01,C29,Fabricacion de vehiculos automotores,77.16
2005-03-01,C29,Fabricacion de vehiculos automotores,77.14
2005-04-01,C29,Fabricacion de vehiculos automotores,77.51
2005-05-01,C29,Fabricacion de vehiculos automotores,77.52
2005-06-01,C29,Fabricacion de vehiculos automotores,77.68
2005-07-01,C29,Fabricacion de vehiculos automotores,77.69
2005-08-01,C29,Fabricacion de vehiculos automotores,77.69
2005-09-01,C29,Fabricacion de vehiculos automotores,77.72
2005-10-01,C29,Fabricacion de vehiculos automotores,77.72
2005-11-01,C29,Fabricacion de vehiculos automotores,77.75
2005-12-01,C29,Fabricacion de vehiculos automotores,77.71
2006-01-01,C29,Fabricacion de vehiculos automotores,77.75
2006-02-01,C29,Fabricacion de vehiculos automotores,78.43
2006-03-01,C29,Fabricacion de vehiculos automotores,75.36
2006-04-01,C29,Fabricacion de vehiculos automotores,75.49
2006-05-01,C29,Fabricacion de vehiculos automotores,75.48
2006-06-01,C29,Fabricacion de vehiculos automotores,75.59
2006-07-01,C29,Fabricacion de vehiculos automotores,75.92
2006-08-01,C29,Fabricacion de vehiculos automotores,75.95
2006-09-01,C29,Fabricacion de vehiculos automotores,75.97
2006-10-01,C29,Fabricacion de vehiculos automotores,75.99
2006-11-01,C29,Fabricacion de vehiculos automotores,76.39
2006-12-01,C29,Fabricacion de vehiculos automotores,76.39
2007-01-01,C29,Fabricacion de vehiculos automotores,76.42
2007-02-01,C29,Fabricacion de vehiculos automotores,76.42
2007-03-01,C29,Fabricacion de vehiculos automotores,77.09
2007-04-01,C29,Fabricacion de vehiculos automotores,77.09
2007-05-01,C29,Fabricacion de vehiculos automotores,77.13
2007-06-01,C29,Fabricacion de vehiculos automotores,76.88
2007-07-01,C29,Fabricacion de vehiculos automotores,76.88
2007-08-01,C29,Fabricacion de vehiculos automotores,76.98
2007-09-01,C29,Fabricacion de vehiculos automotores,77.03
2007-10-01,C29,Fabricacion de vehiculos automotores,77.34
2007-11-01,C29,Fabricacion de vehiculos automotores,77.33
2007-12-01,C29,Fabricacion de vehiculos automotores,77.34
2008-01-01,C29,Fabricacion de vehiculos automotores,77.4
2008-02-01,C29,Fabricacion de vehiculos automotores,77.56
2008-03-01,C29,Fabricacion de vehiculos automotores,77.86
2008-04-01,C29,Fabricacion de vehiculos automotores,77.98
2008-05-01,C29,Fabricacion de vehiculos automotores,78.18
2008-06-01,C29,Fabricacion de vehiculos automotores,78.42
2008-07-01,C29,Fabricacion de vehiculos automotores,78.43
2008-08-01,C29,Fabricacion de vehiculos automotores,78.92
2008-09-01,C29,Fabricacion de vehiculos automotores,78.93
2008-10-01,C29,Fabricacion de vehiculos automotores,78.87
2008-11-01,C29,Fabricacion de vehiculos automotores,78.89
2008-12-01,C29,Fabricacion de vehiculos automotores,78.87
2009-01-01,C29,Fabricacion de vehiculos automotores,79.25
2009-02-01,C29,Fabricacion de vehiculos automotores,79.75
2009-03-01,C29,Fabricacion de vehiculos automotores,79.71
2009-04-01,C29,Fabricacion de vehiculos automotores,80.01
2009-05-01,C29,Fabricacion de vehiculos automotores,80.07
2009-06-01,C29,Fabricacion de vehiculos automotores,80.07
2009-07-01,C29,Fabricacion de vehiculos automotores,80.3
2009-08-01,C29,Fabricacion de vehiculos automotores,80.47
2009-09-01,C29,Fabricacion de vehiculos automotores,80.49
2009-10-01,C29,Fabricacion de vehiculos automotores,80.61
2009-11-01,C29,Fabricacion de vehiculos automotores,80.69
2009-12-01,C29,Fabricacion de vehiculos automotores,80.94
2010-01-01,C29,Fabricacion de vehiculos automotores,80.91
2010-02-01,C29,Fabricacion de vehiculos automotores,80.95
2010-03-01,C29,Fabricacion de vehiculos automotores,80.91
2010-04-01,C29,Fabricacion de vehiculos automotores,80.96
2010-05-01,C29,Fabricacion de vehiculos automotores,81.0
2010-06-01,C29,Fabricacion de vehiculos automotores,81.0
2010-07-01,C29,Fabricacion de vehiculos automotores,81.0
2010-08-01,C29,Fabricacion de vehiculos automotores,81.01
2010-09-01,C29,Fabricacion de vehiculos automotores,81.27
2010-10-01,C29,Fabricacion de vehiculos automotores,81.58
2010-11-01,C29,Fabricacion de vehiculos automotores,83.67
2010-12-01,C29,Fabricacion de vehiculos automotores,83.67
2011-01-01,C29,Fabricacion de vehiculos automotores,83.73
2011-02-01,C29,Fabricacion de vehiculos automotores,84.09
2011-03-01,C29,Fabricacion de vehiculos automotores,84.09
2011-04-01,C29,Fabricacion de vehiculos automotores,84.26
2011-05-01,C29,Fabricacion de vehiculos automotores,84.26
2011-06-01,C29,Fabricacion de vehiculos automotores,84.95
2011-07-01,C29,Fabricacion de vehiculos automotores,84.96
2011-08-01,C29,Fabricacion de vehiculos automotores,84.97
2011-09-01,C29,Fabricacion de vehiculos automotores,85.65
2011-10-01,C29,Fabricacion de vehiculos automotores,86.63
2011-11-01,C29,Fabricacion de vehiculos automotores,87.33
2011-12-01,C29,Fabricacion de vehiculos automotores,90.23
2012-01-01,C29,Fabricacion de vehiculos automotores,91.65
2012-02-01,C29,Fabricacion de vehiculos automotores,92.91
2012-03-01,C29,Fabricacion de vehiculos automotores,92.92
2012-04-01,C29,Fabricacion de vehiculos automotores,92.92
2012-05-01,C29,Fabricacion de vehiculos automotores,92.92
2012-06-01,C29,Fabricacion de vehiculos automotores,92.94
2012-07-01,C29,Fabricacion de vehiculos automotores,92.96
2012-08-01,C29,Fabricacion de vehiculos automotores,94.2
2012-09-01,C29,Fabricacion de vehiculos automotores,95.78
2012-10-01,C29,Fabricacion de vehiculos automotores,95.79
2012-11-01,C29,Fabricacion de vehiculos automotores,95.79
2012-12-01,C29,Fabricacion de vehiculos automotores,95.82
2013-01-01,C29,Fabricacion de vehiculos automotores,96.04
2013-02-01,C29,Fabricacion de vehiculos automotores,96.09
2013-03-01,C29,Fabricacion de vehiculos automotores,95.98
2013-04-01,C29,Fabricacion de vehiculos automotores,96.16
2013-05-01,C29,Fabricacion de vehiculos automotores,95.47
2013-06-01,C29,Fabricacion de vehiculos automotores,95.47
2013-07-01,C29,Fabricacion de vehiculos automotores,95.52
2013-08-01,C29,Fabricacion de vehiculos automotores,94.89
2013-09-01,C29,Fabricacion de vehiculos automotores,96.15
2013-10-01,C29,Fabricacion de vehiculos automotores,96.06
2013-11-01,C29,Fabricacion de vehiculos automotores,96.06
2013-12-01,C29,Fabricacion de vehiculos automotores,96.06
2014-01-01,C29,Fabricacion de vehiculos automotores,94.28
2014-02-01,C29,Fabricacion de vehiculos automotores,94.29
2014-03-01,C29,Fabricacion de vehiculos automotores,94.8
2014-04-01,C29,Fabricacion de vehiculos automotores,95.3
2014-05-01,C29,Fabricacion de vehiculos automotores,95.3
2014-06-01,C29,Fabricacion de vehiculos automotores,96.23
2014-07-01,C29,Fabricacion de vehiculos automotores,97.53
2014-08-01,C29,Fabricacion de vehiculos automotores,97.35
2014-09-01,C29,Fabricacion de vehiculos automotores,98.31
2014-10-01,C29,Fabricacion de vehiculos automotores,97.73
2014-11-01,C29,Fabricacion de vehiculos automotores,98.04
2014-12-01,C29,Fabricacion de vehiculos automotores,99.01
2015-01-01,C29,Fabricacion de vehiculos automotores,99.09
2015-02-01,C29,Fabricacion de vehiculos automotores,100.75
2015-03-01,C29,Fabricacion de vehiculos automotores,100.8
2015-04-01,C29,Fabricacion de vehiculos automotores,100.58
2015-05-01,C29,Fabricacion de vehiculos automotores,100.56
2015-06-01,C29,Fabricacion de vehiculos automotores,100.48
2015-07-01,C29,Fabricacion de vehiculos automotores,100.33
2015-08-01,C29,Fabricacion de vehiculos automotores,97.54
2015-09-01,C29,Fabricacion de vehiculos automotores,99.21
2015-10-01,C29,Fabricacion de vehiculos automotores,99.51
2015-11-01,C29,Fabricacion de vehiculos automotores,99.51
2015-12-01,C29,Fabricacion de vehiculos automotores,99.63
2016-01-01,C29,Fabricacion de vehiculos automotores,99.75
2016-02-01,C29,Fabricacion de vehiculos automotores,99.85
2016-03-01,C29,Fabricacion de vehiculos automotores,99.78
2016-04-01,C29,Fabricacion de vehiculos automotores,99.81
2016-05-01,C29,Fabricacion de vehiculos automotores,99.81
2016-06-01,C29,Fabricacion de vehiculos automotores,99.78
2016-07-01,C29,Fabricacion de vehiculos automotores,99.49
2016-08-01,C29,Fabricacion de vehiculos automotores,99.38
2016-09-01,C29,Fabricacion de vehiculos automotores,99.38
2016-10-01,C29,Fabricacion de vehiculos automotores,92.49
2016-11-01,C29,Fabricacion de vehiculos automotores,92.38
2016-12-01,C29,Fabricacion de vehiculos automotores,92.38
2017-01-01,C29,Fabricacion de vehiculos automotores,92.38
2017-02-01,C29,Fabricacion de vehiculos automotores,92.45
2017-03-01,C29,Fabricacion de vehiculos automotores,92.44
2017-04-01,C29,Fabricacion de vehiculos automotores,92.44
2017-05-01,C29,Fabricacion de vehiculos automotores,92.44
2017-06-01,C29,Fabricacion de vehiculos automotores,92.44
2017-07-01,C29,Fabricacion de vehiculos automotores,93.85
2017-08-01,C29,Fabricacion de vehiculos automotores,93.83
2017-09-01,C29,Fabricacion de vehiculos automotores,93.83
2017-10-01,C29,Fabricacion de vehiculos automotores,93.83
2017-11-01,C29,Fabricacion de vehiculos automotores,93.93
2017-12-01,C29,Fabricacion de vehiculos automotores,93.93
2018-01-01,C29,Fabricacion de vehiculos automotores,93.98
2018-02-01,C29,Fabricacion de vehiculos automotores,93.98
2018-03-01,C29,Fabricacion de vehiculos automotores,94.81
2018-04-01,C29,Fabricacion de vehiculos automotores,94.81
2018-05-01,C29,Fabricacion de vehiculos automotores,94.83
2018-06-01,C29,Fabricacion de vehiculos automotores,94.93
2018-07-01,C29,Fabricacion de vehiculos automotores,94.92
2018-08-01,C29,Fabricacion de vehiculos automotores,94.91
2018-09-01,C29,Fabricacion de vehiculos automotores,94.93
2018-10-01,C29,Fabricacion de vehiculos automotores,94.93
2018-11-01,C29,Fabricacion de vehiculos automotores,94.93
2018-12-01,C29,Fabricacion de vehiculos automotores,94.93
2019-01-01,C29,Fabricacion de vehiculos automotores,95.73
2019-02-01,C29,Fabricacion de vehiculos automotores,95.73
2019-03-01,C29,Fabricacion de vehiculos automotores,95.73
2019-04-01,C29,Fabricacion de vehiculos automotores,95.73
2019-05-01,C29,Fabricacion de vehiculos automotores,95.73
2019-06-01,C29,Fabricacion de vehiculos automotores,95.73
2019-07-01,C29,Fabricacion de vehiculos automotores,95.64
2019-08-01,C29,Fabricacion de vehiculos automotores,95.73
2019-09-01,C29,Fabricacion de vehiculos automotores,95.74
2019-10-01,C29,Fabricacion de vehiculos automotores,95.74
2019-11-01,C29,Fabricacion de vehiculos automotores,95.74
2019-12-01,C29,Fabricacion de vehiculos automotores,95.74
2020-01-01,C29,Fabricacion de vehiculos automotores,95.74
2020-02-01,C29,Fabricacion de vehiculos automotores,95.74
2020-03-01,C29,Fabricacion de vehiculos automotores,95.74
2020-04-01,C29,Fabricacion de vehiculos automotores,95.74
2020-05-01,C29,Fabricacion de vehiculos automotores,95.74
2020-06-01,C29,Fabricacion de vehiculos automotores,95.74
2020-07-01,C29,Fabricacion de vehiculos automotores,95.74
2020-08-01,C29,Fabricacion de vehiculos automotores,95.74
2020-09-01,C29,Fabricacion de vehiculos automotores,95.74
2020-10-01,C29,Fabricacion de vehiculos automotores,95.74
2020-11-01,C29,Fabricacion de vehiculos automotores,95.78
2020-12-01,C29,Fabricacion de vehiculos automotores,95.97
2021-01-01,C29,Fabricacion de vehiculos automotores,96.49
2021-02-01,C29,Fabricacion de vehiculos automotores,96.49
2021-03-01,C29,Fabricacion de vehiculos automotores,96.48
2021-04-01,C29,Fabricacion de vehiculos automotores,96.48
2021-05-01,C29,Fabricacion de vehiculos automotores,96.47
2021-06-01,C29,Fabricacion de vehiculos automotores,96.47
2021-07-01,C29,Fabricacion de vehiculos automotores,96.54
2021-08-01,C29,Fabricacion de vehiculos automotores,96.56
2021-09-01,C29,Fabricacion de vehiculos automotores,96.64
2021-10-01,C29,Fabricacion de vehiculos automotores,96.7
2021-11-01,C29,Fabricacion de vehiculos automotores,96.74
2021-12-01,C29,Fabricacion de vehiculos automotores,96.92
2022-01-01,C29,Fabricacion de vehiculos automotores,97.27
2022-02-01,C29,Fabricacion de vehiculos automotores,97.27
2022-03-01,C29,Fabricacion de vehiculos automotores,97.27
2022-04-01,C29,Fabricacion de vehiculos automotores,97.12
2022-05-01,C29,Fabricacion de vehiculos automotores,97.12
2022-06-01,C29,Fabricacion de vehiculos automotores,97.15
2022-07-01,C29,Fabricacion de vehiculos automotores,97.06
2022-08-01,C29,Fabricacion de vehiculos automotores,97.08
2022-09-01,C29,Fabricacion de vehiculos automotores,97.08
2022-10-01,C29,Fabricacion de vehiculos automotores,97.1
2022-11-01,C29,Fabricacion de vehiculos automotores,97.1
2022-12-01,C29,Fabricacion de vehiculos automotores,97.1
2023-01-01,C29,Fabricacion de vehiculos automotores,97.1
2023-02-01,C29,Fabricacion de vehiculos automotores,97.11
2023-03-01,C29,Fabricacion de vehiculos automotores,97.14
2023-04-01,C29,Fabricacion de vehiculos automotores,97.14
2023-05-01,C29,Fabricacion de vehiculos automotores,97.14
2023-06-01,C29,Fabricacion de vehiculos automotores,97.14
2023-07-01,C29,Fabricacion de vehiculos automotores,97.14
2023-08-01,C29,Fabricacion de vehiculos automotores,97.14
2023-09-01,C29,Fabricacion de vehiculos automotores,97.15
2023-10-01,C29,Fabricacion de vehiculos automotores,97.13
2023-11-01,C29,Fabricacion de vehiculos automotores,97.21
2023-12-01,C29,Fabricacion de vehiculos automotores,97.18
2024-01-01,C29,Fabricacion de vehiculos automotores,97.19
2024-02-01,C29,Fabricacion de vehiculos automotores,97.19
2024-03-01,C29,Fabricacion de vehiculos automotores,97.19
2024-04-01,C29,Fabricacion de vehiculos automotores,97.2
2024-05-01,C29,Fabricacion de vehiculos automotores,97.2
2024-06-01,C29,Fabricacion de vehiculos automotores,97.2
2024-07-01,C29,Fabricacion de vehiculos automotores,97.09
2024-08-01,C29,Fabricacion de vehiculos automotores,97.09
2024-09-01,C29,Fabricacion de vehiculos automotores,97.09
2024-10-01,C29,Fabricacion de vehiculos automotores,97.09
2024-11-01,C29,Fabricacion de vehiculos automotores,97.1
2024-12-01,C29,Fabricacion de vehiculos automotores,97.1
2025-01-01,C29,Fabricacion de vehiculos automotores,97.1
2025-02-01,C29,Fabricacion de vehiculos automotores,97.1
2025-03-01,C29,Fabricacion de vehiculos automotores,97.1
2025-04-01,C29,Fabricacion de vehiculos automotores,96.84
